epoch,step,train_acc,train_loss,val_acc,val_loss
0,19,0.8614782094955444,4.816423416137695,,
2,39,,,0.8607198596000671,4.756071090698242
2,39,0.8125305771827698,4.752467632293701,,
4,59,0.8614782094955444,4.746578216552734,,
6,79,,,0.5477308034896851,4.757841110229492
6,79,0.7635829448699951,4.7402424812316895,,
8,99,0.8125305771827698,4.73943567276001,,
10,119,,,0.15649452805519104,4.811760902404785
10,119,1.1257953643798828,4.729636192321777,,
12,139,1.4488496780395508,4.70503044128418,,
14,159,,,0.15649452805519104,5.007594585418701
14,159,2.437591791152954,4.6368560791015625,,
16,179,4.53255033493042,4.503400802612305,,
18,199,,,0.23474177718162537,5.115062713623047
18,199,7.635829448699951,4.321152210235596,,
20,219,11.600587844848633,4.108648777008057,,
22,239,,,1.0172144174575806,4.923545837402344
22,239,16.906509399414062,3.8679873943328857,,
24,259,23.220754623413086,3.5824036598205566,,
26,279,,,3.4428794384002686,4.425949573516846
26,279,30.12236976623535,3.2448670864105225,,
28,299,39.44199752807617,2.8567311763763428,,
30,319,,,9.62441349029541,3.642627716064453
30,319,48.90846633911133,2.454071283340454,,
32,339,60.37200164794922,2.044318675994873,,
34,359,,,20.657276153564453,2.9627747535705566
34,359,69.77973937988281,1.6714589595794678,,
36,379,78.46304321289062,1.3380764722824097,,
38,399,,,36.69796371459961,2.388977289199829
38,399,84.73812866210938,1.0659652948379517,,
40,419,89.3489990234375,0.8429051637649536,,
42,439,,,53.28638458251953,1.9397904872894287
42,439,92.6578598022461,0.6628475785255432,,
44,459,95.4087142944336,0.5162565112113953,,
46,479,,,66.43192291259766,1.6180835962295532
46,479,97.05335235595703,0.40172186493873596,,
48,499,98.69799041748047,0.3046644330024719,,
50,519,,,74.10015869140625,1.4209760427474976
50,519,99.42241668701172,0.22795024514198303,,
52,539,99.78462982177734,0.16699020564556122,,
54,559,,,75.97808837890625,1.280898928642273
54,559,99.87273406982422,0.12519241869449615,,
56,579,99.97063446044922,0.09288237988948822,,
58,599,,,77.15180206298828,1.2175294160842896
58,599,100.0,0.06708086282014847,,
60,619,99.98042297363281,0.0485677607357502,,
62,639,,,77.38654327392578,1.1885398626327515
62,639,99.98042297363281,0.035538818687200546,,
64,659,99.98042297363281,0.028896259143948555,,
66,679,,,77.54303741455078,1.1917998790740967
66,679,99.98042297363281,0.025547359138727188,,
68,699,100.0,0.019409339874982834,,
70,719,,,77.30829620361328,1.2365374565124512
70,719,99.9902114868164,0.013889631256461143,,
72,739,99.93147277832031,0.023006875067949295,,
74,759,,,73.63067626953125,1.3771666288375854
74,759,99.500732421875,0.05326705798506737,,
76,779,98.91336059570312,0.08670509606599808,,
78,799,,,76.68231964111328,1.2656992673873901
78,799,99.36367797851562,0.05757001414895058,,
80,819,99.78462982177734,0.03250068798661232,,
82,839,,,78.24726104736328,1.1939690113067627
82,839,99.9412612915039,0.01427602767944336,,
84,859,99.97063446044922,0.007740039844065905,,
86,879,,,78.71674346923828,1.1666374206542969
86,879,99.9902114868164,0.004234680440276861,,
88,899,100.0,0.002830531680956483,,
90,919,,,78.24726104736328,1.1816364526748657
90,919,100.0,0.0020672574173659086,,
92,939,100.0,0.0016931851860135794,,
94,959,,,78.24726104736328,1.1925480365753174
94,959,100.0,0.0014501102268695831,,
96,979,100.0,0.001263030106201768,,
98,999,,,78.32550811767578,1.2107460498809814
98,999,100.0,0.0011010627495124936,,
100,1019,100.0,0.0009578813333064318,,
102,1039,,,78.16901397705078,1.2277791500091553
102,1039,100.0,0.0008305096416734159,,
104,1059,100.0,0.0007154670311138034,,
106,1079,,,78.24726104736328,1.2434613704681396
106,1079,100.0,0.0006123594357632101,,
108,1099,100.0,0.0005214712000451982,,
110,1119,,,78.40375518798828,1.2661380767822266
110,1119,100.0,0.00044269999489188194,,
112,1139,100.0,0.00037323616561479867,,
114,1159,,,78.16901397705078,1.2881038188934326
114,1159,100.0,0.0003145896189380437,,
116,1179,100.0,0.00026031836750917137,,
118,1199,,,78.32550811767578,1.311450481414795
118,1199,100.0,0.00021759085939265788,,
120,1219,100.0,0.0001798663433874026,,
122,1239,,,78.40375518798828,1.3490431308746338
122,1239,100.0,0.00014849960280116647,,
124,1259,100.0,0.0001229033077834174,,
126,1279,,,78.24726104736328,1.3735357522964478
126,1279,100.0,0.00010015433508669958,,
128,1299,100.0,8.156945114023983e-05,,
130,1319,,,78.40375518798828,1.3984417915344238
130,1319,100.0,6.643541564699262e-05,,
132,1339,100.0,5.4297899623634294e-05,,
134,1359,,,78.48200225830078,1.4183710813522339
134,1359,100.0,4.447565515874885e-05,,
136,1379,100.0,3.601726348279044e-05,,
138,1399,,,78.48200225830078,1.4579133987426758
138,1399,100.0,2.9060094675514847e-05,,
140,1419,100.0,2.346569272049237e-05,,
142,1439,,,78.48200225830078,1.484632968902588
142,1439,100.0,1.883030381577555e-05,,
144,1459,100.0,1.5220502973534167e-05,,
146,1479,,,78.63849639892578,1.5107146501541138
146,1479,100.0,1.2487233107094653e-05,,
148,1499,100.0,1.027250982588157e-05,,
150,1519,,,78.71674346923828,1.534986972808838
150,1519,100.0,8.264848474937025e-06,,
152,1539,100.0,6.627748916798737e-06,,
154,1559,,,78.56024932861328,1.5624022483825684
154,1559,100.0,5.304985734255752e-06,,
156,1579,100.0,4.327838269091444e-06,,
158,1599,,,78.48200225830078,1.5886569023132324
158,1599,100.0,3.473795914032962e-06,,
160,1619,100.0,2.8246415695321048e-06,,
162,1639,,,78.56024932861328,1.6173410415649414
162,1639,100.0,2.2905535388417775e-06,,
164,1659,100.0,1.8423556866764557e-06,,
166,1679,,,78.79499053955078,1.6528148651123047
166,1679,100.0,1.4906920569046633e-06,,
168,1699,100.0,1.206877755066671e-06,,
170,1719,,,78.71674346923828,1.6748534440994263
170,1719,100.0,9.844592341323732e-07,,
172,1739,100.0,8.117547167785233e-07,,
174,1759,,,78.63849639892578,1.6987701654434204
174,1759,100.0,6.573139330612321e-07,,
176,1779,100.0,5.307992978487164e-07,,
178,1799,,,78.63849639892578,1.751975655555725
178,1799,100.0,4.353268252543785e-07,,
180,1819,100.0,3.627859825883206e-07,,
182,1839,,,78.79499053955078,1.7707157135009766
182,1839,100.0,2.99849546081532e-07,,
184,1859,100.0,2.448020666179218e-07,,
186,1879,,,78.63849639892578,1.7914036512374878
186,1879,100.0,2.0524068133909168e-07,,
188,1899,100.0,1.7109420014094212e-07,,
190,1919,,,78.40375518798828,1.8321200609207153
190,1919,100.0,1.5141854703415447e-07,,
192,1939,100.0,1.2982900443603285e-07,,
194,1959,,,78.40375518798828,1.8842506408691406
194,1959,100.0,1.1083020012847555e-07,,
196,1979,100.0,9.87984094535932e-08,,
198,1999,,,78.32550811767578,1.9275139570236206
198,1999,100.0,8.84354349750538e-08,,
200,2019,100.0,7.95545460618996e-08,,
202,2039,,,77.93427276611328,1.959973692893982
202,2039,100.0,7.855091865849317e-08,,
204,2059,99.79441833496094,0.01280889566987753,,
206,2079,,,71.28325653076172,2.089219331741333
206,2079,94.19480895996094,0.20578862726688385,,
208,2099,95.93734741210938,0.13763776421546936,,
210,2119,,,75.74334716796875,1.7279902696609497
210,2119,98.22809600830078,0.05494992434978485,,
212,2139,99.18746948242188,0.026738552376627922,,
214,2159,,,77.93427276611328,1.5817662477493286
214,2159,99.63778686523438,0.013268948532640934,,
216,2179,99.81399536132812,0.008493100292980671,,
218,2199,,,78.09076690673828,1.6201813220977783
218,2199,99.61820983886719,0.012815883383154869,,
220,2219,99.40283966064453,0.021077575162053108,,
222,2239,,,75.58685302734375,1.644036889076233
222,2239,99.24620819091797,0.028017554432153702,,
224,2259,98.86441802978516,0.03595387935638428,,
226,2279,,,76.52581787109375,1.6388078927993774
226,2279,98.6490478515625,0.039597656577825546,,
228,2299,99.12873077392578,0.03014572151005268,,
230,2319,,,77.85602569580078,1.507569670677185
230,2319,99.30494689941406,0.02689524181187153,,
232,2339,99.28536224365234,0.024497754871845245,,
234,2359,,,77.93427276611328,1.4653382301330566
234,2359,99.21683502197266,0.02780081517994404,,
236,2379,99.1091537475586,0.027829177677631378,,
238,2399,,,77.30829620361328,1.4981011152267456
238,2399,99.0895767211914,0.030800921842455864,,
240,2419,99.0504150390625,0.03214358910918236,,
242,2439,,,78.40375518798828,1.2885016202926636
242,2439,99.35388946533203,0.02516980469226837,,
244,2459,99.41262817382812,0.02104136161506176,,
246,2479,,,80.04695129394531,1.2063509225845337
246,2479,99.5398941040039,0.01727128028869629,,
248,2499,99.41262817382812,0.017737988382577896,,
250,2519,,,78.87323760986328,1.2127900123596191
250,2519,99.37347412109375,0.023943012580275536,,
252,2539,99.33431243896484,0.025219403207302094,,
254,2559,,,79.42096710205078,1.21624755859375
254,2559,99.16789245605469,0.029188206419348717,,
256,2579,98.94273376464844,0.03261091932654381,,
258,2599,,,81.37715148925781,1.141746997833252
258,2599,99.099365234375,0.030158232897520065,,
260,2619,99.64757537841797,0.01563982106745243,,
262,2639,,,82.08137512207031,0.9725221395492554
262,2639,99.72589111328125,0.01565723679959774,,
264,2659,99.78462982177734,0.010183329693973064,,
266,2679,,,81.61189270019531,1.007855772972107
266,2679,99.80420684814453,0.009253978729248047,,
268,2699,99.75526428222656,0.010376025922596455,,
270,2719,,,81.92488098144531,0.961081326007843
270,2719,99.71610260009766,0.011308147571980953,,
272,2739,99.5105209350586,0.01793067157268524,,
274,2759,,,79.81221008300781,1.030436396598816
274,2759,98.98188781738281,0.034952934831380844,,
276,2779,98.89378356933594,0.037262506783008575,,
278,2799,,,82.31611633300781,0.8990232348442078
278,2799,99.37347412109375,0.022603360936045647,,
280,2819,99.58883666992188,0.015261247754096985,,
282,2839,,,83.02034759521484,0.8970703482627869
282,2839,99.48115539550781,0.016254087910056114,,
284,2859,99.64757537841797,0.01191004179418087,,
286,2879,,,84.27230072021484,0.8294609189033508
286,2879,99.64757537841797,0.013636460527777672,,
288,2899,99.67694854736328,0.012084280140697956,,
290,2919,,,85.05477142333984,0.7203947305679321
290,2919,99.72589111328125,0.011747839860618114,,
292,2939,99.76505279541016,0.010884858667850494,,
294,2959,,,84.35054779052734,0.7457122206687927
294,2959,99.66715240478516,0.012024701572954655,,
296,2979,99.67694854736328,0.012974084354937077,,
298,2999,,,84.03755950927734,0.7696387767791748
298,2999,99.62799835205078,0.014266297221183777,,
300,3019,99.42241668701172,0.021146602928638458,,
302,3039,,,84.74178314208984,0.7721567153930664
302,3039,99.42241668701172,0.02147982269525528,,
304,3059,99.31473541259766,0.02269543521106243,,
306,3079,,,85.44600677490234,0.6093363165855408
306,3079,99.4909439086914,0.01739911548793316,,
308,3099,99.57904815673828,0.014281300827860832,,
310,3119,,,86.38497924804688,0.6110641360282898
310,3119,99.5986328125,0.015376599505543709,,
312,3139,99.69652557373047,0.012867463752627373,,
314,3159,,,87.01095581054688,0.5733587741851807
314,3159,99.82379150390625,0.008084679022431374,,
316,3179,99.86294555664062,0.006258755922317505,,
318,3199,,,87.94992065429688,0.5030480623245239
318,3199,99.85315704345703,0.006883481051772833,,
320,3219,99.66715240478516,0.013669715262949467,,
322,3239,,,87.48043823242188,0.5645456314086914
322,3239,99.63778686523438,0.017155613750219345,,
324,3259,99.500732421875,0.019135434180498123,,
326,3279,,,88.18466186523438,0.5312812328338623
326,3279,99.5496826171875,0.016423994675278664,,
328,3299,99.41262817382812,0.020894242450594902,,
330,3319,,,89.2018814086914,0.45011499524116516
330,3319,99.62799835205078,0.013304761610925198,,
332,3339,99.76505279541016,0.009777541272342205,,
334,3359,,,89.8278579711914,0.3890742361545563
334,3359,99.78462982177734,0.008926940150558949,,
336,3379,99.88252258300781,0.005761288572102785,,
338,3399,,,91.7057876586914,0.32155436277389526
338,3399,99.93147277832031,0.004398479592055082,,
340,3419,99.87273406982422,0.004354442935436964,,
342,3439,,,90.3755874633789,0.34295088052749634
342,3439,99.77484130859375,0.00965327862650156,,
344,3459,99.6084213256836,0.01247579324990511,,
346,3479,,,89.3583755493164,0.44271793961524963
346,3479,99.39305114746094,0.019916601479053497,,
348,3499,99.62799835205078,0.013155410997569561,,
350,3519,,,91.8622817993164,0.28958386182785034
350,3519,99.83358001708984,0.006875867489725351,,
352,3539,99.88252258300781,0.004222958814352751,,
354,3559,,,93.50547790527344,0.21083737909793854
354,3559,99.9510498046875,0.002827018266543746,,
356,3579,99.97063446044922,0.002307580318301916,,
358,3599,,,93.58372497558594,0.21727266907691956
358,3599,99.75526428222656,0.007096845656633377,,
360,3619,99.5594711303711,0.01769113540649414,,
362,3639,,,93.03599548339844,0.2724417746067047
362,3639,99.37347412109375,0.021482432261109352,,
364,3659,99.40283966064453,0.019294830039143562,,
366,3679,,,94.44444274902344,0.18378375470638275
366,3679,99.62799835205078,0.01320077944546938,,
368,3699,99.83358001708984,0.007153043057769537,,
370,3719,,,96.55712127685547,0.09918402880430222
370,3719,99.92168426513672,0.003936683759093285,,
372,3739,99.98042297363281,0.0016744931926950812,,
374,3759,,,96.55712127685547,0.0877760499715805
374,3759,99.9902114868164,0.0007703166338615119,,
376,3779,99.9902114868164,0.0004996840143576264,,
378,3799,,,95.61815643310547,0.13265056908130646
378,3799,99.84336853027344,0.00595357408747077,,
380,3819,99.5986328125,0.014737585559487343,,
382,3839,,,94.20970153808594,0.19673223793506622
382,3839,99.4419937133789,0.016044504940509796,,
384,3859,99.58883666992188,0.015373273752629757,,
386,3879,,,96.16588592529297,0.14765501022338867
386,3879,99.76505279541016,0.010534195229411125,,
388,3899,99.80420684814453,0.009873531758785248,,
390,3919,,,96.63536834716797,0.10775405913591385
390,3919,99.86294555664062,0.005857280921190977,,
392,3939,99.9510498046875,0.0023663192987442017,,
394,3959,,,97.49608612060547,0.08529931306838989
394,3959,100.0,0.0005598234129138291,,
396,3979,100.0,0.0001498703786637634,,
398,3999,,,98.04381561279297,0.07063982635736465
398,3999,100.0,8.116830576909706e-05,,
400,4019,100.0,6.243771349545568e-05,,
402,4039,,,98.27855682373047,0.06528070569038391
402,4039,100.0,5.1882594561902806e-05,,
404,4059,100.0,4.4489810534287244e-05,,
406,4079,,,98.27855682373047,0.06049694865942001
406,4079,100.0,3.8659047277178615e-05,,
408,4099,100.0,3.378509791218676e-05,,
410,4119,,,98.43505096435547,0.05607994645833969
410,4119,100.0,2.958407458208967e-05,,
412,4139,100.0,2.5958688638638705e-05,,
414,4159,,,98.6697998046875,0.05197353661060333
414,4159,100.0,2.2842466933070682e-05,,
416,4179,100.0,2.0090645193704404e-05,,
418,4199,,,98.904541015625,0.04797105863690376
418,4199,100.0,1.7658923752605915e-05,,
420,4219,100.0,1.5540495951427147e-05,,
422,4239,,,99.1392822265625,0.04411834850907326
422,4239,100.0,1.3645314538734965e-05,,
424,4259,100.0,1.1993272892141249e-05,,
426,4279,,,99.217529296875,0.04052039235830307
426,4279,100.0,1.0519352144910954e-05,,
428,4299,100.0,9.214071724272799e-06,,
430,4319,,,99.2957763671875,0.03736331686377525
430,4319,100.0,8.066137525020167e-06,,
432,4339,100.0,7.061188171064714e-06,,
434,4359,,,99.2957763671875,0.034254174679517746
434,4359,100.0,6.161716100905323e-06,,
436,4379,100.0,5.371471161197405e-06,,
438,4399,,,99.4522705078125,0.03168398141860962
438,4399,100.0,4.669040663429769e-06,,
440,4419,100.0,4.055100362165831e-06,,
442,4439,,,99.530517578125,0.029146332293748856
442,4439,100.0,3.522895212881849e-06,,
444,4459,100.0,3.041510808543535e-06,,
446,4479,,,99.530517578125,0.026768844574689865
446,4479,100.0,2.6288857952749822e-06,,
448,4499,100.0,2.2672459181194426e-06,,
450,4519,,,99.530517578125,0.024862440302968025
450,4519,100.0,1.9584940673667006e-06,,
452,4539,100.0,1.681308276602067e-06,,
454,4559,,,99.530517578125,0.023106640204787254
454,4559,100.0,1.442937673346023e-06,,
456,4579,100.0,1.2361804238025798e-06,,
458,4599,,,99.6087646484375,0.021172750741243362
458,4599,100.0,1.0613989616103936e-06,,
460,4619,100.0,9.05254580629844e-07,,
462,4639,,,99.6087646484375,0.019849605858325958
462,4639,100.0,7.721814085925871e-07,,
464,4659,100.0,6.579322757716e-07,,
466,4679,,,99.6087646484375,0.01895470917224884
466,4679,100.0,5.601258976639656e-07,,
468,4699,100.0,4.758334455345903e-07,,
470,4719,,,99.530517578125,0.018066855147480965
470,4719,100.0,4.03596004616702e-07,,
472,4739,100.0,3.423634495902661e-07,,
474,4759,,,99.530517578125,0.01722772978246212
474,4759,100.0,2.8850629973931063e-07,,
476,4779,100.0,2.4388012320741836e-07,,
478,4799,,,99.530517578125,0.01713964343070984
478,4799,100.0,2.0577749637595844e-07,,
480,4819,100.0,1.737433024118218e-07,,
482,4839,,,99.530517578125,0.01728774607181549
482,4839,100.0,1.4553684479778894e-07,,
484,4859,100.0,1.2290867346109735e-07,,
486,4879,,,99.530517578125,0.017696114256978035
486,4879,100.0,1.0420162510627051e-07,,
488,4899,100.0,8.772356352437782e-08,,
490,4919,,,99.530517578125,0.01831025443971157
490,4919,100.0,7.392959133767363e-08,,
492,4939,100.0,6.325151957753405e-08,,
494,4959,,,99.530517578125,0.018240362405776978
494,4959,100.0,5.322696949860983e-08,,
496,4979,100.0,4.5256349778810545e-08,,
498,4999,,,99.530517578125,0.020406804978847504
498,4999,100.0,3.993481811903621e-08,,
500,5019,100.0,3.5861980052231957e-08,,
502,5039,,,99.2957763671875,0.022247465327382088
502,5039,100.0,3.2652721415615815e-08,,
504,5059,100.0,3.0843867904195577e-08,,
506,5079,,,99.2957763671875,0.02344582974910736
506,5079,100.0,3.044708662969242e-08,,
508,5099,100.0,3.19525206293747e-08,,
510,5119,,,99.217529296875,0.026197340339422226
510,5119,100.0,3.3527975062952464e-08,,
512,5139,100.0,3.475332732705283e-08,,
514,5159,,,99.217529296875,0.027891257777810097
514,5159,100.0,3.639879864181239e-08,,
516,5179,100.0,3.831268458043269e-08,,
518,5199,,,99.217529296875,0.029262224212288857
518,5199,100.0,3.978310658681039e-08,,
520,5219,100.0,4.079839754922432e-08,,
522,5239,,,99.217529296875,0.03330180421471596
522,5239,100.0,4.138189879654419e-08,,
524,5259,100.0,4.2828983026765854e-08,,
526,5279,,,99.1392822265625,0.035638343542814255
526,5279,100.0,4.470785697208157e-08,,
528,5299,100.0,4.4591157433160333e-08,,
530,5319,,,98.9827880859375,0.04351142421364784
530,5319,100.0,4.6026570998947136e-08,,
532,5339,100.0,4.593320923618194e-08,,
534,5359,,,98.904541015625,0.043842997401952744
534,5359,100.0,4.764870453755066e-08,,
536,5379,100.0,4.745031390029908e-08,,
538,5399,,,98.8262939453125,0.049499835819005966
538,5399,100.0,4.931751362846626e-08,,
540,5419,100.0,4.907244388618892e-08,,
542,5439,,,98.6697998046875,0.05615948513150215
542,5439,100.0,4.906077322175406e-08,,
544,5459,100.0,5.083461473986972e-08,,
546,5479,,,98.6697998046875,0.06184665486216545
546,5479,100.0,5.169819772277151e-08,,
548,5499,100.0,5.1429786651624454e-08,,
550,5519,,,98.20030975341797,0.06806207448244095
550,5519,100.0,5.2946891315741595e-08,,
552,5539,100.0,5.315695261742803e-08,,
554,5559,,,98.04381561279297,0.07021494209766388
554,5559,100.0,5.430061378319806e-08,,
556,5579,100.0,5.336701036640079e-08,,
558,5599,,,98.04381561279297,0.07560539245605469
558,5599,100.0,5.689135917918975e-08,,
560,5619,100.0,5.5701015355680283e-08,,
562,5639,,,97.88732147216797,0.07962198555469513
562,5639,100.0,5.78016212671173e-08,,
564,5659,100.0,5.777827993824758e-08,,
566,5679,,,97.96556854248047,0.08332230150699615
566,5679,100.0,5.8081699449985535e-08,,
568,5699,100.0,6.020564313757859e-08,,
570,5719,,,97.65258026123047,0.08379217237234116
570,5719,100.0,6.032234267649983e-08,,
572,5739,100.0,6.120927054098502e-08,,
574,5759,,,97.96556854248047,0.08437064290046692
574,5759,100.0,6.220121662181555e-08,,
576,5779,100.0,6.218954951009437e-08,,
578,5799,,,97.65258026123047,0.08597654104232788
578,5799,100.0,6.367164218090693e-08,,
580,5819,100.0,6.546882502789231e-08,,
582,5839,,,97.57433319091797,0.08668754994869232
582,5839,100.0,6.499035265505881e-08,,
584,5859,100.0,6.737104030207774e-08,,
586,5879,,,97.57433319091797,0.08484410494565964
586,5879,100.0,6.639075422754104e-08,,
588,5899,100.0,6.759277226819904e-08,,
590,5919,,,97.49608612060547,0.08699110150337219
590,5919,100.0,6.98800945997391e-08,,
592,5939,100.0,6.90748649390116e-08,,
594,5959,,,97.73082733154297,0.08417898416519165
594,5959,100.0,7.233079912793983e-08,,
596,5979,100.0,7.006681812526949e-08,,
598,5999,,,97.73082733154297,0.08152293413877487
598,5999,100.0,7.506158539172247e-08,,
600,6019,100.0,7.335776075478861e-08,,
602,6039,,,97.65258026123047,0.08076182752847672
602,6039,100.0,7.537667556789529e-08,,
604,6059,100.0,7.357949272090991e-08,,
606,6079,,,97.96556854248047,0.08080296218395233
606,6079,100.0,7.730223217095045e-08,,
608,6099,100.0,7.608854701857126e-08,,
610,6119,,,97.57433319091797,0.07728482037782669
610,6119,100.0,7.640363719474408e-08,,
612,6139,100.0,7.801410362162642e-08,,
614,6159,,,97.65258026123047,0.07055605202913284
614,6159,100.0,7.741893170987169e-08,,
616,6179,100.0,7.808412050280822e-08,,
618,6199,,,97.88732147216797,0.0690905749797821
618,6199,100.0,8.160846931559718e-08,,
620,6219,100.0,7.894769993299633e-08,,
622,6239,,,97.73082733154297,0.06885715574026108
622,6239,100.0,8.116500538335458e-08,,
624,6259,100.0,7.895937415014487e-08,,
626,6279,,,97.73082733154297,0.06556669622659683
626,6279,100.0,7.98112864686118e-08,,
628,6299,100.0,8.187687683403055e-08,,
630,6319,,,98.04381561279297,0.06401249766349792
630,6319,100.0,8.380243343708571e-08,,
632,6339,100.0,8.232034076627315e-08,,
634,6359,,,98.12206268310547,0.061520546674728394
634,6359,100.0,8.298552955920968e-08,,
636,6379,100.0,8.302053799980058e-08,,
638,6399,,,98.5133056640625,0.058742981404066086
638,6399,100.0,8.334730239312194e-08,,
640,6419,100.0,8.408251517266763e-08,,
642,6439,,,98.43505096435547,0.054755453020334244
642,6439,100.0,8.542456697568923e-08,,
644,6459,100.0,8.564629894181053e-08,,
646,6479,,,98.591552734375,0.05313562974333763
646,6479,100.0,8.397748274546757e-08,,
648,6499,100.0,8.675495166698965e-08,,
650,6519,,,98.591552734375,0.05003800615668297
650,6519,100.0,8.702335918542303e-08,,
652,6539,100.0,8.779358040555962e-08,,
654,6559,,,98.591552734375,0.04749822989106178
654,6559,100.0,8.870384249348717e-08,,
656,6579,100.0,8.800363815453238e-08,,
658,6599,,,98.35680389404297,0.05042078346014023
658,6599,100.0,8.835374387672346e-08,,
660,6619,100.0,8.858714295456593e-08,,
662,6639,,,98.8262939453125,0.046996355056762695
662,6639,100.0,9.008090273709968e-08,,
664,6659,100.0,9.093281505556661e-08,,
666,6679,,,98.8262939453125,0.04587920755147934
666,6679,100.0,8.835374387672346e-08,,
668,6699,100.0,9.239157350293681e-08,,
670,6719,,,98.904541015625,0.04281105846166611
670,6719,100.0,9.125957944888796e-08,,
672,6739,100.0,9.364025999047954e-08,,
674,6759,,,98.9827880859375,0.042311642318964005
674,6759,100.0,9.296340408582182e-08,,
676,6779,100.0,9.374529241767959e-08,,
678,6799,,,98.748046875,0.03992380201816559
678,6799,100.0,9.372195108880987e-08,,
680,6819,100.0,9.34535435703765e-08,,
682,6839,,,99.1392822265625,0.03732239082455635
682,6839,100.0,9.62776809387833e-08,,
684,6859,100.0,9.65344213454955e-08,,
686,6879,,,99.06103515625,0.03694392368197441
686,6879,100.0,9.539076728515283e-08,,
688,6899,100.0,9.598593209148021e-08,,
690,6919,,,99.1392822265625,0.03613518923521042
690,6919,100.0,9.446883098007675e-08,,
692,6939,100.0,9.729297545391091e-08,,
694,6959,,,99.06103515625,0.03532597795128822
694,6959,100.0,9.738633366396243e-08,,
696,6979,100.0,9.821490465355964e-08,,
698,6999,,,99.06103515625,0.03340565785765648
698,6999,100.0,9.62076640576015e-08,,
700,7019,100.0,9.860001881634162e-08,,
702,7039,,,99.217529296875,0.0302010215818882
702,7039,100.0,1.0038552744617846e-07,,
704,7059,100.0,9.862336014521134e-08,,
706,7079,,,99.06103515625,0.029461175203323364
706,7079,100.0,9.882174367703556e-08,,
708,7099,100.0,9.82849286401688e-08,,
710,7119,,,99.217529296875,0.028017325326800346
710,7119,100.0,1.0033885189386638e-07,,
712,7139,100.0,1.0071229183949981e-07,,
714,7159,,,99.06103515625,0.028732096776366234
714,7159,100.0,9.948693957539945e-08,,
716,7179,100.0,1.0003542882941474e-07,,
718,7199,,,99.1392822265625,0.027182577177882195
718,7199,100.0,1.0175092057806978e-07,,
720,7219,100.0,1.0227607560864271e-07,,
722,7239,,,99.1392822265625,0.025831744074821472
722,7239,100.0,1.0112074022572415e-07,,
724,7259,100.0,1.0197265254419108e-07,,
726,7279,,,99.217529296875,0.024157794192433357
726,7279,100.0,1.02252734279773e-07,,
728,7299,100.0,1.0346641943215218e-07,,
730,7319,,,99.1392822265625,0.024273686110973358
730,7319,100.0,1.0183261167640012e-07,,
732,7339,100.0,1.0277788220491857e-07,,
734,7359,,,99.3740234375,0.023877646774053574
734,7359,100.0,1.0442335707239181e-07,,
736,7379,100.0,1.0319800480829144e-07,,
738,7399,,,99.2957763671875,0.023457089439034462
738,7399,100.0,1.0413160822508871e-07,,
740,7419,100.0,1.051935782925284e-07,,
742,7439,,,99.3740234375,0.022639654576778412
742,7439,100.0,1.0539196892977998e-07,,
744,7459,100.0,1.0665232963447124e-07,,
746,7479,,,99.4522705078125,0.01944742724299431
746,7479,100.0,1.047151059196949e-07,,
748,7499,100.0,1.0354810342505516e-07,,
750,7519,,,99.2957763671875,0.021188192069530487
750,7519,100.0,1.0470343880797373e-07,,
752,7539,100.0,1.0578875020428313e-07,,
754,7559,,,99.2957763671875,0.020076507702469826
754,7559,100.0,1.0503020320129508e-07,,
756,7579,100.0,1.0401490868616747e-07,,
758,7599,,,99.530517578125,0.019520984962582588
758,7599,100.0,1.0634891367544697e-07,,
760,7619,100.0,1.0680404471941074e-07,,
762,7639,,,99.4522705078125,0.018761269748210907
762,7639,100.0,1.0707245223784412e-07,,
764,7659,100.0,1.0510022008247688e-07,,
766,7679,,,99.530517578125,0.018245605751872063
766,7679,100.0,1.0860122756639612e-07,,
768,7699,100.0,1.0867124444757792e-07,,
770,7719,,,99.530517578125,0.016925910487771034
770,7719,100.0,1.0652396298382882e-07,,
772,7739,100.0,1.0881128531536888e-07,,
774,7759,,,99.68701171875,0.016529979184269905
774,7759,100.0,1.0665232963447124e-07,,
776,7779,100.0,1.083561542714051e-07,,
778,7799,,,99.68701171875,0.015334517695009708
778,7799,100.0,1.0715414333617446e-07,,
780,7819,100.0,1.1077185035901493e-07,,
782,7839,,,99.530517578125,0.017246272414922714
782,7839,100.0,1.0993161225769654e-07,,
784,7859,100.0,1.1028171087446026e-07,,
786,7879,,,99.530517578125,0.01672101579606533
786,7879,100.0,1.0571873332310133e-07,,
788,7899,100.0,1.1088854989793617e-07,,
790,7919,,,99.530517578125,0.014958455227315426
790,7919,100.0,1.1053845128117246e-07,,
792,7939,100.0,1.0896300040030837e-07,,
794,7959,,,99.530517578125,0.016032064333558083
794,7959,100.0,1.1093523255567561e-07,,
796,7979,100.0,1.1090022411508471e-07,,
798,7999,,,99.4522705078125,0.014032180421054363
798,7999,100.0,1.0891631774256894e-07,,
800,8019,100.0,1.0976823006103587e-07,,
802,8039,,,99.530517578125,0.015385241247713566
802,8039,100.0,1.0970988029157525e-07,,
804,8059,100.0,1.1307084690770353e-07,,
806,8079,,,99.530517578125,0.014809400774538517
806,8079,100.0,1.0920806658987203e-07,,
808,8099,100.0,1.1158875423689096e-07,,
810,8119,,,99.6087646484375,0.014246085658669472
810,8119,100.0,1.1029337798618144e-07,,
812,8139,100.0,1.1008332023720868e-07,,
814,8159,,,99.68701171875,0.01371464878320694
814,8159,100.0,1.1212557637918508e-07,,
816,8179,100.0,1.0893965907143865e-07,,
818,8199,,,99.530517578125,0.014219382777810097
818,8199,100.0,1.0953483098319339e-07,,
820,8219,100.0,1.1106359920631803e-07,,
822,8239,,,99.6087646484375,0.01407518982887268
822,8239,100.0,1.104334188539724e-07,,
824,8259,100.0,1.1162376267748186e-07,,
826,8279,,,99.530517578125,0.012844360433518887
826,8279,100.0,1.1164710400635158e-07,,
828,8299,100.0,1.1195052707080322e-07,,
830,8319,,,99.6087646484375,0.014671560376882553
830,8319,100.0,1.1034006064392088e-07,,
832,8339,100.0,1.1146038048082119e-07,,
834,8359,,,99.68701171875,0.014006637036800385
834,8359,100.0,1.0968653896270553e-07,,
836,8379,100.0,1.1156541290802124e-07,,
838,8399,,,99.530517578125,0.01356206089258194
838,8399,100.0,1.1163542978920304e-07,,
840,8419,100.0,1.098849295999571e-07,,
842,8439,,,99.68701171875,0.013244176283478737
842,8439,100.0,1.0989659671167828e-07,,
844,8459,100.0,1.115187302502818e-07,,
846,8479,,,99.530517578125,0.012730477377772331
846,8479,100.0,1.1087688278621499e-07,,
848,8499,100.0,1.1277909806040043e-07,,
850,8519,,,99.68701171875,0.012377439066767693
850,8519,100.0,1.0959318075265401e-07,,
852,8539,100.0,1.1366601881945826e-07,,
854,8559,,,99.7652587890625,0.010986832901835442
854,8559,100.0,1.1186883597247288e-07,,
856,8579,100.0,1.0699076113951378e-07,,
858,8599,,,99.68701171875,0.011540486477315426
858,8599,100.0,1.1262738297546093e-07,,
860,8619,100.0,1.1023502821672082e-07,,
862,8639,,,99.68701171875,0.011857084929943085
862,8639,100.0,1.1202054395198502e-07,,
864,8659,100.0,1.1465797200571615e-07,,
866,8679,,,99.7652587890625,0.010553186759352684
866,8679,100.0,1.1025836954559054e-07,,
868,8699,100.0,1.1384106812784012e-07,,
870,8719,,,99.7652587890625,0.01106541883200407
870,8719,100.0,1.1087688278621499e-07,,
872,8739,100.0,1.1066681793181488e-07,,
874,8759,,,99.530517578125,0.013043921440839767
874,8759,100.0,1.1158875423689096e-07,,
876,8779,100.0,1.1161209556576068e-07,,
878,8799,,,99.68701171875,0.010525329038500786
878,8799,100.0,1.104334188539724e-07,,
880,8819,100.0,1.1259237453487003e-07,,
882,8839,,,99.7652587890625,0.009477316401898861
882,8839,100.0,1.1253402476540941e-07,,
884,8859,100.0,1.1408613431740378e-07,,
886,8879,,,99.843505859375,0.009809543378651142
886,8879,100.0,1.1235897545702755e-07,,
888,8899,100.0,1.1337426997215516e-07,,
890,8919,,,99.6087646484375,0.011138346046209335
890,8919,100.0,1.0980323850162677e-07,,
892,8939,100.0,1.1293080603991257e-07,,
894,8959,,,99.843505859375,0.009818803519010544
894,8959,100.0,1.1329257887382482e-07,,
896,8979,100.0,1.119621941825244e-07,,
898,8999,,,99.7652587890625,0.010164559818804264
898,8999,100.0,1.1104026498287567e-07,,
900,9019,100.0,1.1137868938249085e-07,,
902,9039,,,99.7652587890625,0.009975445456802845
902,9039,100.0,1.1371269437177034e-07,,
904,9059,100.0,1.1713201075735924e-07,,
906,9079,,,99.68701171875,0.009708610363304615
906,9079,100.0,1.0962818919324491e-07,,
908,9099,100.0,1.072358344345048e-07,,
910,9119,,,99.7652587890625,0.009757359512150288
910,9119,100.0,1.1351430373451876e-07,,
912,9139,100.0,1.119972026231153e-07,,
914,9159,,,99.68701171875,0.00968483742326498
914,9159,100.0,1.1365434460230972e-07,,
916,9179,100.0,1.1155374579630006e-07,,
918,9199,,,99.7652587890625,0.008782302029430866
918,9199,100.0,1.1113362319292719e-07,,
920,9219,100.0,1.1241732522648817e-07,,
922,9239,,,99.7652587890625,0.009909487329423428
922,9239,100.0,1.1420284096175237e-07,,
924,9259,100.0,1.1041007752510268e-07,,
926,9279,,,99.68701171875,0.008460498414933681
926,9279,100.0,1.132342291043642e-07,,
928,9299,100.0,1.1112194897577865e-07,,
930,9319,,,99.843505859375,0.0071712676435709
930,9319,100.0,1.1114529030464837e-07,,
932,9339,100.0,1.1353764506338848e-07,,
934,9359,,,99.9217529296875,0.0080265449360013
934,9359,100.0,1.1015333711839048e-07,,
936,9379,100.0,1.1165877111807276e-07,,
938,9399,,,99.843505859375,0.00912688858807087
938,9399,100.0,1.1210223505031536e-07,,
940,9419,100.0,1.1528815235806178e-07,,
942,9439,,,99.843505859375,0.008287882432341576
942,9439,100.0,1.1239398389761845e-07,,
944,9459,100.0,1.114487133691e-07,,
946,9479,,,99.9217529296875,0.007578789256513119
946,9479,100.0,1.0989659671167828e-07,,
948,9499,100.0,1.1031671931505116e-07,,
950,9519,,,99.9217529296875,0.008271832950413227
950,9519,100.0,1.1258070742314885e-07,,
952,9539,100.0,1.1121531429125753e-07,,
954,9559,,,99.9217529296875,0.007768506184220314
954,9559,100.0,1.1276742384325189e-07,,
956,9579,100.0,1.1160042134861214e-07,,
958,9599,,,99.843505859375,0.007706963922828436
958,9599,100.0,1.1200887684026384e-07,,
960,9619,100.0,1.1073684191842403e-07,,
962,9639,,,99.7652587890625,0.007674154359847307
962,9639,100.0,1.1136702227076967e-07,,
964,9659,100.0,1.1078352457616347e-07,,
966,9679,,,99.843505859375,0.007649602368474007
966,9679,100.0,1.1048010151171184e-07,,
968,9699,100.0,1.1426119073121299e-07,,
970,9719,,,99.9217529296875,0.00768215162679553
970,9719,100.0,1.1468130622915851e-07,,
972,9739,100.0,1.1427285784293417e-07,,
974,9759,,,99.9217529296875,0.007422760594636202
974,9759,100.0,1.1091189122680589e-07,,
976,9779,100.0,1.1340927841274606e-07,,
978,9799,,,99.9217529296875,0.006757031194865704
978,9799,100.0,1.1189217019591524e-07,,
980,9819,100.0,1.0976821585018115e-07,,
982,9839,,,99.843505859375,0.007498744875192642
982,9839,100.0,1.0808774675297173e-07,,
984,9859,100.0,1.1126198984356961e-07,,
986,9879,,,99.9217529296875,0.006982289720326662
986,9879,100.0,1.1191551152478496e-07,,
988,9899,100.0,1.1055011839289364e-07,,
990,9919,,,99.7652587890625,0.007401756476610899
990,9919,100.0,1.1143703915195147e-07,,
992,9939,100.0,1.1128533117243933e-07,,
994,9959,,,99.7652587890625,0.008143343962728977
994,9959,100.0,1.1045676018284212e-07,,
996,9979,100.0,1.120322110637062e-07,,
998,9999,,,99.843505859375,0.006926162634044886
998,9999,100.0,1.0937144878653271e-07,,
1000,10019,100.0,1.1358432772112792e-07,,
1002,10039,,,100.0,0.005797401536256075
1002,10039,100.0,1.122539430298275e-07,,
1004,10059,100.0,1.1150706313856062e-07,,
1006,10079,,,99.843505859375,0.006710664369165897
1006,10079,100.0,1.138177267989704e-07,,
1008,10099,100.0,1.1479800576807975e-07,,
1010,10119,,,99.843505859375,0.006657261401414871
1010,10119,100.0,1.1386440945670984e-07,,
1012,10139,100.0,1.1480967998522829e-07,,
1014,10159,,,99.9217529296875,0.0063351732678711414
1014,10159,100.0,1.0776098235965037e-07,,
1016,10179,100.0,1.1344428685333696e-07,,
1018,10199,,,99.7652587890625,0.007045789156109095
1018,10199,100.0,1.1289579759932167e-07,,
1020,10219,100.0,1.1307084690770353e-07,,
1022,10239,,,99.7652587890625,0.007030785549432039
1022,10239,100.0,1.1649016329329243e-07,,
1024,10259,100.0,1.1210223505031536e-07,,
1026,10279,,,99.9217529296875,0.006841498427093029
1026,10279,100.0,1.1535816923924358e-07,,
1028,10299,100.0,1.1003663757946924e-07,,
1030,10319,,,100.0,0.006064006593078375
1030,10319,100.0,1.088346266442386e-07,,
1032,10339,100.0,1.0870625999359618e-07,,
1034,10359,,,100.0,0.006235869601368904
1034,10359,100.0,1.1135535515904849e-07,,
1036,10379,100.0,1.1029337798618144e-07,,
1038,10399,,,100.0,0.006251369137316942
1038,10399,100.0,1.0826279606135358e-07,,
1040,10419,100.0,1.1106359920631803e-07,,
1042,10439,,,99.9217529296875,0.005415003281086683
1042,10439,100.0,1.1015333711839048e-07,,
1044,10459,100.0,1.1003663757946924e-07,,
1046,10479,,,100.0,0.0056262207217514515
1046,10479,100.0,1.1137868938249085e-07,,
1048,10499,100.0,1.0994327936941772e-07,,
1050,10519,,,100.0,0.0052747828885912895
1050,10519,100.0,1.1237064256874874e-07,,
1052,10539,100.0,1.1013000289494812e-07,,
1054,10559,,,100.0,0.005815120413899422
1054,10559,100.0,1.1188050308419406e-07,,
1056,10579,100.0,1.1045676018284212e-07,,
1058,10599,,,99.9217529296875,0.006498066708445549
1058,10599,100.0,1.0973322162044497e-07,,
1060,10619,100.0,1.0480847123517378e-07,,
1062,10639,,,100.0,0.0052393642254173756
1062,10639,100.0,1.0681571183113192e-07,,
1064,10659,100.0,1.0819277918017178e-07,,
1066,10679,,,100.0,0.005157554987818003
1066,10679,100.0,1.0718915177676536e-07,,
1068,10699,100.0,1.1309418823657325e-07,,
1070,10719,,,100.0,0.005685186479240656
1070,10719,100.0,1.0911470837982051e-07,,
1072,10739,100.0,1.0940645722712361e-07,,
1074,10759,,,99.9217529296875,0.00602837186306715
1074,10759,100.0,1.0753925749895643e-07,,
1076,10779,100.0,1.1282577361271251e-07,,
1078,10799,,,100.0,0.006059815641492605
1078,10799,100.0,1.0958150653550547e-07,,
1080,10819,100.0,1.0980323850162677e-07,,
1082,10839,,,100.0,0.005212858319282532
1082,10839,100.0,1.0948814832545395e-07,,
1084,10859,100.0,1.1190384441306378e-07,,
1086,10879,,,99.9217529296875,0.006052757613360882
1086,10879,100.0,1.1272074829093981e-07,,
1088,10899,100.0,1.1025836954559054e-07,,
1090,10919,,,100.0,0.0046815392561256886
1090,10919,100.0,1.1097024099626651e-07,,
1092,10939,100.0,1.099549464811389e-07,,
1094,10959,,,99.9217529296875,0.005456798244267702
1094,10959,100.0,1.1223060170095778e-07,,
1096,10979,100.0,1.0986158827108738e-07,,
1098,10999,,,99.9217529296875,0.005989803001284599
1098,10999,100.0,1.0743422507175637e-07,,
1100,11019,100.0,1.1223060170095778e-07,,
1102,11039,,,100.0,0.004410813562572002
1102,11039,100.0,1.1087688278621499e-07,,
1104,11059,100.0,1.1291913892819139e-07,,
1106,11079,,,100.0,0.004404556471854448
1106,11079,100.0,1.1547486877816482e-07,,
1108,11099,100.0,1.0969820607442671e-07,,
1110,11119,,,99.9217529296875,0.005224412772804499
1110,11119,100.0,1.1029337798618144e-07,,
1112,11139,100.0,1.1028171087446026e-07,,
1114,11159,,,99.9217529296875,0.0052124978974461555
1114,11159,100.0,1.1129700538958787e-07,,
1116,11179,100.0,1.1073684191842403e-07,,
1118,11199,,,100.0,0.00424118060618639
1118,11199,100.0,1.1147205469796972e-07,,
1120,11219,100.0,1.117054537758122e-07,,
1122,11239,,,100.0,0.004456022754311562
1122,11239,100.0,1.0424830776400995e-07,,
1124,11259,100.0,1.1122698140297871e-07,,
1126,11279,,,100.0,0.005196874961256981
1126,11279,100.0,1.1015333711839048e-07,,
1128,11299,100.0,1.0812275519356263e-07,,
1130,11319,,,99.9217529296875,0.004788231570273638
1130,11319,100.0,1.0482013834689496e-07,,
1132,11339,100.0,1.051585698519375e-07,,
1134,11359,,,99.9217529296875,0.005297250580042601
1134,11359,100.0,1.0752758328180789e-07,,
1136,11379,100.0,1.0910304126809933e-07,,
1138,11399,,,100.0,0.005037498194724321
1138,11399,100.0,1.1154207157915152e-07,,
1140,11419,100.0,1.105851339389119e-07,,
1142,11439,,,100.0,0.0032695033587515354
1142,11439,100.0,1.105851339389119e-07,,
1144,11459,100.0,1.0965153052211463e-07,,
1146,11479,,,100.0,0.004522060975432396
1146,11479,100.0,1.1272074829093981e-07,,
1148,11499,100.0,1.1025836954559054e-07,,
1150,11519,,,100.0,0.004391901660710573
1150,11519,100.0,1.1091189122680589e-07,,
1152,11539,100.0,1.1132033961303023e-07,,
1154,11559,,,100.0,0.003696401370689273
1154,11559,100.0,1.0917305814928113e-07,,
1156,11579,100.0,1.1252235765368823e-07,,
1158,11599,,,100.0,0.00518070301041007
1158,11599,100.0,1.073058513156866e-07,,
1160,11619,100.0,1.103984104133815e-07,,
1162,11639,,,100.0,0.004192522261291742
1162,11639,100.0,1.0695575269892288e-07,,
1164,11659,100.0,1.1133201383017877e-07,,
1166,11679,,,100.0,0.003660628804937005
1166,11679,100.0,1.0716581044789564e-07,,
1168,11699,100.0,1.122189345892366e-07,,
1170,11719,,,100.0,0.0038019483909010887
1170,11719,100.0,1.0792436455631105e-07,,
1172,11739,100.0,1.1499639640533132e-07,,
1174,11759,,,100.0,0.003768805880099535
1174,11759,100.0,1.0842617825801426e-07,,
1176,11779,100.0,1.0699076113951378e-07,,
1178,11799,,,100.0,0.003822296392172575
1178,11799,100.0,1.0935978167481153e-07,,
1180,11819,100.0,1.0939479011540243e-07,,
1182,11839,,,100.0,0.003693035803735256
1182,11839,100.0,1.1076018324729375e-07,,
1184,11859,100.0,1.0624388124824691e-07,,
1186,11879,,,100.0,0.003242210252210498
1186,11879,100.0,1.1018835266440874e-07,,
1188,11899,100.0,1.0884630086138714e-07,,
1190,11919,,,100.0,0.003214191645383835
1190,11919,100.0,1.0526357385742813e-07,,
1192,11939,99.45178985595703,0.022504454478621483,,
1194,11959,,,94.28794860839844,0.3192425072193146
1194,11959,98.16935729980469,0.08004032075405121,,
1196,11979,98.5413589477539,0.05726134777069092,,
1198,11999,,,95.85289764404297,0.2316313087940216
1198,11999,99.21683502197266,0.030399415642023087,,
1200,12019,99.52031707763672,0.01814156211912632,,
1202,12039,,,96.63536834716797,0.15607887506484985
1202,12039,99.5105209350586,0.01843050867319107,,
1204,12059,99.56925964355469,0.01516050286591053,,
1206,12079,,,97.65258026123047,0.14067086577415466
1206,12079,99.58883666992188,0.015339802950620651,,
1208,12099,99.62799835205078,0.01740618608891964,,
1210,12119,,,97.18309783935547,0.1325928419828415
1210,12119,99.32452392578125,0.028115876019001007,,
1212,12139,99.24620819091797,0.03033366985619068,,
1214,12159,,,96.79186248779297,0.1880263388156891
1214,12159,99.22663116455078,0.03709882125258446,,
1216,12179,99.24620819091797,0.03032788261771202,,
1218,12199,,,97.80907440185547,0.12194618582725525
1218,12199,99.41262817382812,0.023970168083906174,,
1220,12219,99.56925964355469,0.017392858862876892,,
1222,12239,,,97.88732147216797,0.13030095398426056
1222,12239,99.5398941040039,0.01592470332980156,,
1224,12259,99.52031707763672,0.023115070536732674,,
1226,12279,,,97.88732147216797,0.12834791839122772
1226,12279,99.46157836914062,0.028368322178721428,,
1228,12299,99.47136688232422,0.03364993631839752,,
1230,12319,,,97.49608612060547,0.13700945675373077
1230,12319,99.48115539550781,0.022433919832110405,,
1232,12339,99.43220520019531,0.025332212448120117,,
1234,12359,,,99.1392822265625,0.05082171782851219
1234,12359,99.53010559082031,0.018964698538184166,,
1236,12379,99.4419937133789,0.028049254789948463,,
1238,12399,,,98.43505096435547,0.10665937513113022
1238,12399,99.48115539550781,0.027682917192578316,,
1240,12419,99.53010559082031,0.020167948678135872,,
1242,12439,,,97.80907440185547,0.11632391810417175
1242,12439,99.35388946533203,0.03078548237681389,,
1244,12459,99.32452392578125,0.03306642174720764,,
1246,12479,,,98.04381561279297,0.09447741508483887
1246,12479,99.32452392578125,0.03594144806265831,,
1248,12499,99.42241668701172,0.025097845122218132,,
1250,12519,,,98.27855682373047,0.12809514999389648
1250,12519,99.5105209350586,0.017276588827371597,,
1252,12539,99.6084213256836,0.01573624648153782,,
1254,12559,,,98.904541015625,0.05695710331201553
1254,12559,99.73567962646484,0.010309485718607903,,
1256,12579,99.72589111328125,0.01016189157962799,,
1258,12599,,,98.35680389404297,0.13422232866287231
1258,12599,99.57904815673828,0.0251577477902174,,
1260,12619,99.52031707763672,0.030756693333387375,,
1262,12639,,,98.12206268310547,0.0934586152434349
1262,12639,99.45178985595703,0.023327862843871117,,
1264,12659,99.500732421875,0.024139227345585823,,
1266,12679,,,98.748046875,0.047647058963775635
1266,12679,99.52031707763672,0.020693102851510048,,
1268,12699,99.67694854736328,0.012742625549435616,,
1270,12719,,,98.20030975341797,0.1478131264448166
1270,12719,99.52031707763672,0.03242580220103264,,
1272,12739,99.58883666992188,0.02243843488395214,,
1274,12759,,,97.96556854248047,0.1209636926651001
1274,12759,99.53010559082031,0.024103134870529175,,
1276,12779,99.52031707763672,0.01711302064359188,,
1278,12799,,,98.6697998046875,0.05354708433151245
1278,12799,99.76505279541016,0.009943431243300438,,
1280,12819,99.63778686523438,0.02138700522482395,,
1282,12839,,,98.5133056640625,0.11931055039167404
1282,12839,99.5594711303711,0.01936161145567894,,
1284,12859,99.5986328125,0.02190413512289524,,
1286,12879,,,97.41783905029297,0.21966619789600372
1286,12879,99.45178985595703,0.03919660672545433,,
1288,12899,99.47136688232422,0.03011239878833294,,
1290,12919,,,99.4522705078125,0.046392772346735
1290,12919,99.5398941040039,0.027475615963339806,,
1292,12939,99.65736389160156,0.01526152528822422,,
1294,12959,,,99.217529296875,0.05782320350408554
1294,12959,99.71610260009766,0.010817652568221092,,
1296,12979,99.70631408691406,0.01301941554993391,,
1298,12999,,,99.4522705078125,0.051877137273550034
1298,12999,99.58883666992188,0.02242434024810791,,
1300,13019,99.6084213256836,0.026821043342351913,,
1302,13039,,,98.904541015625,0.0936504453420639
1302,13039,99.5594711303711,0.02229914255440235,,
1304,13059,99.61820983886719,0.020698826760053635,,
1306,13079,,,98.8262939453125,0.10856503993272781
1306,13079,99.69652557373047,0.018227633088827133,,
1308,13099,99.57904815673828,0.02106045000255108,,
1310,13119,,,98.20030975341797,0.15815767645835876
1310,13119,99.68673706054688,0.01997784711420536,,
1312,13139,99.62799835205078,0.017532501369714737,,
1314,13159,,,99.217529296875,0.12993544340133667
1314,13159,99.64757537841797,0.019481347873806953,,
1316,13179,99.58883666992188,0.024465113878250122,,
1318,13199,,,98.8262939453125,0.09092338383197784
1318,13199,99.6084213256836,0.018612436950206757,,
1320,13219,99.5986328125,0.022195965051651,,
1322,13239,,,99.217529296875,0.10467371344566345
1322,13239,99.63778686523438,0.027752241119742393,,
1324,13259,99.71610260009766,0.01680525578558445,,
1326,13279,,,98.8262939453125,0.0632748231291771
1326,13279,99.5105209350586,0.029745185747742653,,
1328,13299,99.37347412109375,0.039965011179447174,,
1330,13319,,,99.06103515625,0.05629672855138779
1330,13319,99.64757537841797,0.026092054322361946,,
1332,13339,99.72589111328125,0.014926763251423836,,
1334,13359,,,99.217529296875,0.04565666243433952
1334,13359,99.72589111328125,0.012057661078870296,,
1336,13379,99.5986328125,0.025077400729060173,,
1338,13399,,,99.06103515625,0.0655977874994278
1338,13399,99.65736389160156,0.019769493490457535,,
1340,13419,99.65736389160156,0.020159786567091942,,
1342,13439,,,98.6697998046875,0.10466212034225464
1342,13439,99.67694854736328,0.017381280660629272,,
1344,13459,99.65736389160156,0.017124969512224197,,
1346,13479,,,99.06103515625,0.0409761518239975
1346,13479,99.69652557373047,0.016372419893741608,,
1348,13499,99.66715240478516,0.01773291826248169,,
1350,13519,,,99.2957763671875,0.04479045420885086
1350,13519,99.71610260009766,0.013232112862169743,,
1352,13539,99.79441833496094,0.010860994458198547,,
1354,13559,,,98.9827880859375,0.06272424012422562
1354,13559,99.70631408691406,0.014450437389314175,,
1356,13579,99.57904815673828,0.023961961269378662,,
1358,13599,,,98.43505096435547,0.09889227151870728
1358,13599,99.52031707763672,0.02710854448378086,,
1360,13619,99.64757537841797,0.019412079825997353,,
1362,13639,,,98.43505096435547,0.1209949478507042
1362,13639,99.74547576904297,0.016583729535341263,,
1364,13659,99.71610260009766,0.017725810408592224,,
1366,13679,,,99.217529296875,0.03872165083885193
1366,13679,99.74547576904297,0.010048814117908478,,
1368,13699,99.66715240478516,0.012410148978233337,,
1370,13719,,,99.06103515625,0.06840627640485764
1370,13719,99.65736389160156,0.02394619956612587,,
1372,13739,99.72589111328125,0.01812709867954254,,
1374,13759,,,99.530517578125,0.026383673772215843
1374,13759,99.64757537841797,0.017119819298386574,,
1376,13779,99.66715240478516,0.02493228018283844,,
1378,13799,,,99.2957763671875,0.05957755818963051
1378,13799,99.72589111328125,0.01629902981221676,,
1380,13819,99.6084213256836,0.02053845487535,,
1382,13839,,,98.9827880859375,0.04465889930725098
1382,13839,99.63778686523438,0.019035516306757927,,
1384,13859,99.65736389160156,0.016987700015306473,,
1386,13879,,,99.06103515625,0.06772705167531967
1386,13879,99.69652557373047,0.020176058635115623,,
1388,13899,99.76505279541016,0.010819023475050926,,
1390,13919,,,99.3740234375,0.024586103856563568
1390,13919,99.71610260009766,0.02020149491727352,,
1392,13939,99.78462982177734,0.01290576159954071,,
1394,13959,,,98.8262939453125,0.06343065202236176
1394,13959,99.72589111328125,0.01657407358288765,,
1396,13979,99.81399536132812,0.011427009478211403,,
1398,13999,,,98.748046875,0.1444561928510666
1398,13999,99.76505279541016,0.010542201809585094,,
1400,14019,99.5398941040039,0.026323119178414345,,
1402,14039,,,99.06103515625,0.07262221723794937
1402,14039,99.6084213256836,0.018881499767303467,,
1404,14059,99.61820983886719,0.029429541900753975,,
1406,14079,,,99.06103515625,0.04534635692834854
1406,14079,99.67694854736328,0.01976540870964527,,
1408,14099,99.80420684814453,0.009363999590277672,,
1410,14119,,,99.4522705078125,0.06283490359783173
1410,14119,99.77484130859375,0.007809791248291731,,
1412,14139,99.76505279541016,0.013926800340414047,,
1414,14159,,,99.530517578125,0.04111497476696968
1414,14159,99.72589111328125,0.01546725444495678,,
1416,14179,99.65736389160156,0.022925695404410362,,
1418,14199,,,99.4522705078125,0.02542533352971077
1418,14199,99.77484130859375,0.013217484578490257,,
1420,14219,99.74547576904297,0.012611771933734417,,
1422,14239,,,99.3740234375,0.09106911718845367
1422,14239,99.72589111328125,0.018408970907330513,,
1424,14259,99.65736389160156,0.015524794347584248,,
1426,14279,,,99.217529296875,0.04752242565155029
1426,14279,99.78462982177734,0.01403016597032547,,
1428,14299,99.61820983886719,0.023309113457798958,,
1430,14319,,,99.6087646484375,0.021900681778788567
1430,14319,99.67694854736328,0.0183671023696661,,
1432,14339,99.73567962646484,0.018121343106031418,,
1434,14359,,,99.530517578125,0.045696042478084564
1434,14359,99.81399536132812,0.008732973597943783,,
1436,14379,99.88252258300781,0.013917827978730202,,
1438,14399,,,99.68701171875,0.0071935043670237064
1438,14399,99.81399536132812,0.009112786501646042,,
1440,14419,99.73567962646484,0.016180146485567093,,
1442,14439,,,98.904541015625,0.06740328669548035
1442,14439,99.63778686523438,0.02058778516948223,,
1444,14459,99.69652557373047,0.024493075907230377,,
1446,14479,,,98.8262939453125,0.13604961335659027
1446,14479,99.77484130859375,0.013551688753068447,,
1448,14499,99.68673706054688,0.017545387148857117,,
1450,14519,,,99.843505859375,0.027378598228096962
1450,14519,99.73567962646484,0.013369126245379448,,
1452,14539,99.76505279541016,0.015280323103070259,,
1454,14559,,,99.68701171875,0.02543611451983452
1454,14559,99.80420684814453,0.01342673972249031,,
1456,14579,99.83358001708984,0.013348696753382683,,
1458,14599,,,99.3740234375,0.09450037032365799
1458,14599,99.72589111328125,0.018268762156367302,,
1460,14619,99.75526428222656,0.01749446615576744,,
1462,14639,,,99.2957763671875,0.051326487213373184
1462,14639,99.65736389160156,0.017981495708227158,,
1464,14659,99.66715240478516,0.022111300379037857,,
1466,14679,,,99.530517578125,0.026215525344014168
1466,14679,99.79441833496094,0.012769854627549648,,
1468,14699,99.77484130859375,0.015898576006293297,,
1470,14719,,,99.217529296875,0.06004057079553604
1470,14719,99.83358001708984,0.014894361607730389,,
1472,14739,99.71610260009766,0.019246021285653114,,
1474,14759,,,99.217529296875,0.05917888507246971
1474,14759,99.73567962646484,0.016038455069065094,,
1476,14779,99.68673706054688,0.014684832654893398,,
1478,14799,,,98.8262939453125,0.10258006304502487
1478,14799,99.70631408691406,0.019955888390541077,,
1480,14819,99.76505279541016,0.0176266897469759,,
1482,14839,,,99.3740234375,0.055431704968214035
1482,14839,99.71610260009766,0.018505943939089775,,
1484,14859,99.74547576904297,0.02445475198328495,,
1486,14879,,,98.8262939453125,0.13183832168579102
1486,14879,99.72589111328125,0.01979738473892212,,
1488,14899,99.71610260009766,0.014948475174605846,,
1490,14919,,,99.2957763671875,0.0891585722565651
1490,14919,99.71610260009766,0.01708631031215191,,
1492,14939,99.74547576904297,0.020597657188773155,,
1494,14959,,,99.217529296875,0.0638342872262001
1494,14959,99.82379150390625,0.00825448613613844,,
1496,14979,99.86294555664062,0.006257722619920969,,
1498,14999,,,99.217529296875,0.06704951077699661
1498,14999,99.70631408691406,0.03300779312849045,,
1500,15019,99.64757537841797,0.02852172590792179,,
1502,15039,,,99.2957763671875,0.07191138714551926
1502,15039,99.68673706054688,0.027104482054710388,,
1504,15059,99.73567962646484,0.01938834972679615,,
1506,15079,,,99.3740234375,0.042780742049217224
1506,15079,99.87273406982422,0.007556857541203499,,
1508,15099,99.68673706054688,0.017196323722600937,,
1510,15119,,,99.4522705078125,0.054446153342723846
1510,15119,99.79441833496094,0.015787653625011444,,
1512,15139,99.83358001708984,0.009766832925379276,,
1514,15159,,,99.2957763671875,0.03524269908666611
1514,15159,99.90210723876953,0.008036362007260323,,
1516,15179,99.85315704345703,0.007545488886535168,,
1518,15199,,,99.4522705078125,0.04107217863202095
1518,15199,99.72589111328125,0.02194894477725029,,
1520,15219,99.73567962646484,0.012959131971001625,,
1522,15239,,,99.4522705078125,0.04938537999987602
1522,15239,99.77484130859375,0.014022909104824066,,
1524,15259,99.82379150390625,0.010368351824581623,,
1526,15279,,,99.68701171875,0.027376165613532066
1526,15279,99.68673706054688,0.015891138464212418,,
1528,15299,99.74547576904297,0.015407461673021317,,
1530,15319,,,99.530517578125,0.039106763899326324
1530,15319,99.73567962646484,0.01648871973156929,,
1532,15339,99.75526428222656,0.017153514549136162,,
1534,15359,,,99.68701171875,0.03061184473335743
1534,15359,99.81399536132812,0.010638706386089325,,
1536,15379,99.74547576904297,0.020826855674386024,,
1538,15399,,,99.3740234375,0.046637535095214844
1538,15399,99.77484130859375,0.014575250446796417,,
1540,15419,99.78462982177734,0.014135047793388367,,
1542,15439,,,99.68701171875,0.026509549468755722
1542,15439,99.83358001708984,0.011513715609908104,,
1544,15459,99.81399536132812,0.00664125382900238,,
1546,15479,,,99.68701171875,0.043556880205869675
1546,15479,99.73567962646484,0.021070074290037155,,
1548,15499,99.83358001708984,0.015545988455414772,,
1550,15519,,,99.4522705078125,0.045330710709095
1550,15519,99.86294555664062,0.00942552462220192,,
1552,15539,99.87273406982422,0.009371593594551086,,
1554,15559,,,99.217529296875,0.06449408829212189
1554,15559,99.82379150390625,0.011919776909053326,,
1556,15579,99.74547576904297,0.016121406108140945,,
1558,15599,,,99.3740234375,0.060804322361946106
1558,15599,99.70631408691406,0.024823835119605064,,
1560,15619,99.5594711303711,0.02673388458788395,,
1562,15639,,,99.843505859375,0.008091912604868412
1562,15639,99.79441833496094,0.015052512288093567,,
1564,15659,99.87273406982422,0.008412813767790794,,
1566,15679,,,99.843505859375,0.008985774591565132
1566,15679,99.85315704345703,0.008991033770143986,,
1568,15699,99.88252258300781,0.014017474837601185,,
1570,15719,,,99.7652587890625,0.0349847748875618
1570,15719,99.83358001708984,0.012936198152601719,,
1572,15739,99.72589111328125,0.022068681195378304,,
1574,15759,,,99.4522705078125,0.028677621856331825
1574,15759,99.73567962646484,0.0183910820633173,,
1576,15779,99.82379150390625,0.011602579616010189,,
1578,15799,,,99.68701171875,0.024617088958621025
1578,15799,99.80420684814453,0.012238732539117336,,
1580,15819,99.84336853027344,0.007602786645293236,,
1582,15839,,,99.4522705078125,0.04760522395372391
1582,15839,99.72589111328125,0.021488405764102936,,
1584,15859,99.87273406982422,0.0088886059820652,,
1586,15879,,,99.4522705078125,0.02696426771581173
1586,15879,99.84336853027344,0.010698452591896057,,
1588,15899,99.68673706054688,0.019174523651599884,,
1590,15919,,,99.6087646484375,0.029441798105835915
1590,15919,99.85315704345703,0.01469090860337019,,
1592,15939,99.86294555664062,0.0040792981162667274,,
1594,15959,,,99.6087646484375,0.03837581351399422
1594,15959,99.87273406982422,0.00472235819324851,,
1596,15979,99.86294555664062,0.009354633279144764,,
1598,15999,,,99.3740234375,0.05020866170525551
1598,15999,99.76505279541016,0.01743180863559246,,
1600,16019,99.68673706054688,0.02172703854739666,,
1602,16039,,,99.06103515625,0.08187680691480637
1602,16039,99.69652557373047,0.020824726670980453,,
1604,16059,99.73567962646484,0.02236177772283554,,
1606,16079,,,98.9827880859375,0.11847052723169327
1606,16079,99.80420684814453,0.00894712284207344,,
1608,16099,99.84336853027344,0.005809472408145666,,
1610,16119,,,99.68701171875,0.04304029047489166
1610,16119,99.85315704345703,0.008409174159169197,,
1612,16139,99.86294555664062,0.007718565408140421,,
1614,16159,,,99.68701171875,0.008851518854498863
1614,16159,99.84336853027344,0.008051291108131409,,
1616,16179,99.79441833496094,0.01325704250484705,,
1618,16199,,,99.2957763671875,0.04431586340069771
1618,16199,99.84336853027344,0.012115847319364548,,
1620,16219,99.78462982177734,0.02458404377102852,,
1622,16239,,,99.68701171875,0.05723244696855545
1622,16239,99.77484130859375,0.021443963050842285,,
1624,16259,99.89231872558594,0.007733414880931377,,
1626,16279,,,99.7652587890625,0.02070533111691475
1626,16279,99.91189575195312,0.005860651843249798,,
1628,16299,99.81399536132812,0.012437992729246616,,
1630,16319,,,99.217529296875,0.04812771826982498
1630,16319,99.84336853027344,0.012095985002815723,,
1632,16339,99.74547576904297,0.01906677708029747,,
1634,16359,,,99.1392822265625,0.06937511265277863
1634,16359,99.74547576904297,0.013866608031094074,,
1636,16379,99.81399536132812,0.0071778493002057076,,
1638,16399,,,99.3740234375,0.06285867094993591
1638,16399,99.77484130859375,0.020076090469956398,,
1640,16419,99.71610260009766,0.03309798613190651,,
1642,16439,,,99.6087646484375,0.01697538048028946
1642,16439,99.73567962646484,0.021045904606580734,,
1644,16459,99.86294555664062,0.010155103169381618,,
1646,16479,,,99.9217529296875,0.0008583453018218279
1646,16479,99.79441833496094,0.013822383247315884,,
1648,16499,99.82379150390625,0.014778034761548042,,
1650,16519,,,99.530517578125,0.07466664910316467
1650,16519,99.84336853027344,0.011753651313483715,,
1652,16539,99.84336853027344,0.011192106641829014,,
1654,16559,,,99.9217529296875,0.0012926928466185927
1654,16559,99.85315704345703,0.02012001723051071,,
1656,16579,99.87273406982422,0.005385041702538729,,
1658,16599,,,99.7652587890625,0.020250393077731133
1658,16599,99.87273406982422,0.00814819149672985,,
1660,16619,99.80420684814453,0.010623287409543991,,
1662,16639,,,99.530517578125,0.018366001546382904
1662,16639,99.76505279541016,0.013043079525232315,,
1664,16659,99.82379150390625,0.011945785954594612,,
1666,16679,,,99.530517578125,0.03643777221441269
1666,16679,99.88252258300781,0.0047178929671645164,,
1668,16699,99.82379150390625,0.010687191039323807,,
1670,16719,,,99.6087646484375,0.036715228110551834
1670,16719,99.86294555664062,0.007959337905049324,,
1672,16739,99.75526428222656,0.019928371533751488,,
1674,16759,,,99.3740234375,0.06826923042535782
1674,16759,99.79441833496094,0.010366063565015793,,
1676,16779,99.87273406982422,0.006997584365308285,,
1678,16799,,,99.4522705078125,0.08747944980859756
1678,16799,99.92168426513672,0.005638370290398598,,
1680,16819,99.89231872558594,0.004477384500205517,,
1682,16839,,,99.3740234375,0.05785248056054115
1682,16839,99.78462982177734,0.01150376908481121,,
1684,16859,99.82379150390625,0.013243374414741993,,
1686,16879,,,99.2957763671875,0.06559102982282639
1686,16879,99.78462982177734,0.01127742137759924,,
1688,16899,99.81399536132812,0.014458881691098213,,
1690,16919,,,99.1392822265625,0.061818089336156845
1690,16919,99.79441833496094,0.014159007929265499,,
1692,16939,99.85315704345703,0.014034501276910305,,
1694,16959,,,99.68701171875,0.011556243523955345
1694,16959,99.79441833496094,0.013847156427800655,,
1696,16979,99.73567962646484,0.018746647983789444,,
1698,16999,,,99.9217529296875,0.0013419047463685274
1698,16999,99.81399536132812,0.011620696634054184,,
1700,17019,99.78462982177734,0.015396518632769585,,
1702,17039,,,99.6087646484375,0.02188626304268837
1702,17039,99.86294555664062,0.007777759339660406,,
1704,17059,99.88252258300781,0.009211244992911816,,
1706,17079,,,99.68701171875,0.02430596761405468
1706,17079,99.89231872558594,0.004588446579873562,,
1708,17099,99.82379150390625,0.00884366687387228,,
1710,17119,,,99.4522705078125,0.031331051141023636
1710,17119,99.84336853027344,0.012233680114150047,,
1712,17139,99.86294555664062,0.007303593680262566,,
1714,17159,,,99.530517578125,0.05327416956424713
1714,17159,99.83358001708984,0.009494287893176079,,
1716,17179,99.69652557373047,0.020577646791934967,,
1718,17199,,,99.7652587890625,0.03160718455910683
1718,17199,99.71610260009766,0.01642693765461445,,
1720,17219,99.84336853027344,0.01210641860961914,,
1722,17239,,,99.3740234375,0.060814350843429565
1722,17239,99.84336853027344,0.0075108688324689865,,
1724,17259,99.82379150390625,0.017552781850099564,,
1726,17279,,,99.3740234375,0.06569012999534607
1726,17279,99.85315704345703,0.007685292046517134,,
1728,17299,99.9412612915039,0.006270537152886391,,
1730,17319,,,99.2957763671875,0.07299529761075974
1730,17319,99.86294555664062,0.006717439740896225,,
1732,17339,99.83358001708984,0.01698494330048561,,
1734,17359,,,99.2957763671875,0.03960547223687172
1734,17359,99.73567962646484,0.016196686774492264,,
1736,17379,99.77484130859375,0.01903361827135086,,
1738,17399,,,99.217529296875,0.07805074006319046
1738,17399,99.82379150390625,0.014219670556485653,,
1740,17419,99.84336853027344,0.00820430088788271,,
1742,17439,,,100.0,0.00024424592265859246
1742,17439,99.85315704345703,0.018879998475313187,,
1744,17459,99.87273406982422,0.005532159470021725,,
1746,17479,,,99.843505859375,0.006288067437708378
1746,17479,99.93147277832031,0.0025638428051024675,,
1748,17499,99.88252258300781,0.00715160695835948,,
1750,17519,,,99.843505859375,0.006808465346693993
1750,17519,99.87273406982422,0.009564438834786415,,
1752,17539,99.79441833496094,0.017679082229733467,,
1754,17559,,,99.530517578125,0.033787503838539124
1754,17559,99.80420684814453,0.01179765909910202,,
1756,17579,99.87273406982422,0.009476155042648315,,
1758,17599,,,99.530517578125,0.022181466221809387
1758,17599,99.85315704345703,0.007845568470656872,,
1760,17619,99.83358001708984,0.010872545652091503,,
1762,17639,,,98.8262939453125,0.0893031656742096
1762,17639,99.73567962646484,0.017238518223166466,,
1764,17659,99.73567962646484,0.01838945969939232,,
1766,17679,,,99.68701171875,0.05290915444493294
1766,17679,99.88252258300781,0.008968128822743893,,
1768,17699,99.89231872558594,0.00452415831387043,,
1770,17719,,,99.843505859375,0.008747346699237823
1770,17719,99.91189575195312,0.0030259909108281136,,
1772,17739,99.90210723876953,0.005996179301291704,,
1774,17759,,,99.6087646484375,0.02236158773303032
1774,17759,99.87273406982422,0.010098852217197418,,
1776,17779,99.78462982177734,0.012505456805229187,,
1778,17799,,,99.68701171875,0.03861438110470772
1778,17799,99.83358001708984,0.011850076727569103,,
1780,17819,99.86294555664062,0.008639723993837833,,
1782,17839,,,99.843505859375,0.009265477769076824
1782,17839,99.79441833496094,0.017376374453306198,,
1784,17859,99.82379150390625,0.012497609481215477,,
1786,17879,,,99.7652587890625,0.017575183883309364
1786,17879,99.88252258300781,0.006540130823850632,,
1788,17899,99.93147277832031,0.004345625638961792,,
1790,17919,,,99.68701171875,0.02289503626525402
1790,17919,99.88252258300781,0.00972388219088316,,
1792,17939,99.87273406982422,0.009917673654854298,,
1794,17959,,,99.843505859375,0.0035707931965589523
1794,17959,99.88252258300781,0.008405396714806557,,
1796,17979,99.86294555664062,0.009804083034396172,,
1798,17999,,,99.68701171875,0.02866809442639351
1798,17999,99.86294555664062,0.015739254653453827,,
1800,18019,99.84336853027344,0.01095699705183506,,
1802,18039,,,98.9827880859375,0.08461734652519226
1802,18039,99.85315704345703,0.010625334456562996,,
1804,18059,99.74547576904297,0.021693482995033264,,
1806,18079,,,99.3740234375,0.04883640259504318
1806,18079,99.84336853027344,0.00762553233653307,,
1808,18099,99.83358001708984,0.010119852609932423,,
1810,18119,,,99.217529296875,0.0855947732925415
1810,18119,99.88252258300781,0.004566618707031012,,
1812,18139,99.76505279541016,0.015404968522489071,,
1814,18159,,,99.530517578125,0.05397316813468933
1814,18159,99.84336853027344,0.00802893191576004,,
1816,18179,99.86294555664062,0.01001314539462328,,
1818,18199,,,99.4522705078125,0.02178802341222763
1818,18199,99.88252258300781,0.008692112751305103,,
1820,18219,99.87273406982422,0.009875421412289143,,
1822,18239,,,99.1392822265625,0.0702294334769249
1822,18239,99.85315704345703,0.014692850410938263,,
1824,18259,99.81399536132812,0.016609294340014458,,
1826,18279,,,99.4522705078125,0.03130058944225311
1826,18279,99.89231872558594,0.007162400986999273,,
1828,18299,99.84336853027344,0.007286641746759415,,
1830,18319,,,99.7652587890625,0.013364613056182861
1830,18319,99.90210723876953,0.006075351033359766,,
1832,18339,99.84336853027344,0.010289250873029232,,
1834,18359,,,99.3740234375,0.07189399003982544
1834,18359,99.85315704345703,0.00951117929071188,,
1836,18379,99.79441833496094,0.012690835632383823,,
1838,18399,,,99.4522705078125,0.03592915087938309
1838,18399,99.83358001708984,0.01045642513781786,,
1840,18419,99.83358001708984,0.008227749727666378,,
1842,18439,,,99.6087646484375,0.040323562920093536
1842,18439,99.85315704345703,0.014714015647768974,,
1844,18459,99.88252258300781,0.007445533759891987,,
1846,18479,,,99.2957763671875,0.07430548965930939
1846,18479,99.93147277832031,0.0071986583061516285,,
1848,18499,99.81399536132812,0.015210717916488647,,
1850,18519,,,99.6087646484375,0.032211534678936005
1850,18519,99.86294555664062,0.01130604837089777,,
1852,18539,99.85315704345703,0.014039975591003895,,
1854,18559,,,99.7652587890625,0.008932252414524555
1854,18559,99.90210723876953,0.01228102296590805,,
1856,18579,99.84336853027344,0.00833761878311634,,
1858,18599,,,99.4522705078125,0.045443546026945114
1858,18599,99.78462982177734,0.013448583893477917,,
1860,18619,99.72589111328125,0.02098540961742401,,
1862,18639,,,99.4522705078125,0.04720460996031761
1862,18639,99.85315704345703,0.01010197214782238,,
1864,18659,99.87273406982422,0.0071054804138839245,,
1866,18679,,,99.68701171875,0.01891101524233818
1866,18679,99.90210723876953,0.008893484249711037,,
1868,18699,99.88252258300781,0.012491058558225632,,
1870,18719,,,99.7652587890625,0.039038944989442825
1870,18719,99.91189575195312,0.008445462211966515,,
1872,18739,99.92168426513672,0.0047303857281804085,,
1874,18759,,,99.68701171875,0.021869489923119545
1874,18759,99.91189575195312,0.00410466780886054,,
1876,18779,99.84336853027344,0.015099193900823593,,
1878,18799,,,99.217529296875,0.056364353746175766
1878,18799,99.74547576904297,0.01451205089688301,,
1880,18819,99.85315704345703,0.013199889101088047,,
1882,18839,,,99.3740234375,0.06148742139339447
1882,18839,99.85315704345703,0.013733785599470139,,
1884,18859,99.92168426513672,0.0039056064561009407,,
1886,18879,,,99.7652587890625,0.015247231349349022
1886,18879,99.9412612915039,0.0032260161824524403,,
1888,18899,99.89231872558594,0.0080415029078722,,
1890,18919,,,99.4522705078125,0.021825434640049934
1890,18919,99.85315704345703,0.008497738279402256,,
1892,18939,99.85315704345703,0.009497372433543205,,
1894,18959,,,100.0,0.0006763531710021198
1894,18959,99.86294555664062,0.00750013766810298,,
1896,18979,99.77484130859375,0.013945980928838253,,
1898,18999,,,99.843505859375,0.017990753054618835
1898,18999,99.80420684814453,0.01517297700047493,,
1900,19019,99.85315704345703,0.008371414616703987,,
1902,19039,,,99.6087646484375,0.025889256969094276
1902,19039,99.86294555664062,0.004995591472834349,,
1904,19059,99.89231872558594,0.00823975633829832,,
1906,19079,,,99.1392822265625,0.07436929643154144
1906,19079,99.90210723876953,0.0049112471751868725,,
1908,19099,99.87273406982422,0.008637549355626106,,
1910,19119,,,99.6087646484375,0.03635759651660919
1910,19119,99.89231872558594,0.006329843774437904,,
1912,19139,99.82379150390625,0.018094325438141823,,
1914,19159,,,99.6087646484375,0.014535505324602127
1914,19159,99.86294555664062,0.008909047581255436,,
1916,19179,99.84336853027344,0.011481842026114464,,
1918,19199,,,99.7652587890625,0.03536912798881531
1918,19199,99.88252258300781,0.009158487431704998,,
1920,19219,99.92168426513672,0.005885773338377476,,
1922,19239,,,99.6087646484375,0.03005669265985489
1922,19239,99.86294555664062,0.009366805665194988,,
1924,19259,99.81399536132812,0.014973537065088749,,
1926,19279,,,99.4522705078125,0.049275752156972885
1926,19279,99.85315704345703,0.009259343147277832,,
1928,19299,99.93147277832031,0.006702800747007132,,
1930,19319,,,99.6087646484375,0.01932942494750023
1930,19319,99.91189575195312,0.0056728278286755085,,
1932,19339,99.90210723876953,0.009071992710232735,,
1934,19359,,,99.4522705078125,0.02141735889017582
1934,19359,99.83358001708984,0.013816753402352333,,
1936,19379,99.85315704345703,0.011688538827002048,,
1938,19399,,,99.4522705078125,0.05801568925380707
1938,19399,99.84336853027344,0.012000381015241146,,
1940,19419,99.81399536132812,0.019253425300121307,,
1942,19439,,,99.68701171875,0.014764371328055859
1942,19439,99.84336853027344,0.009959807619452477,,
1944,19459,99.86294555664062,0.007931692525744438,,
1946,19479,,,99.7652587890625,0.012298722751438618
1946,19479,99.92168426513672,0.006980878300964832,,
1948,19499,99.87273406982422,0.010786049999296665,,
1950,19519,,,99.68701171875,0.01380159892141819
1950,19519,99.86294555664062,0.007846273481845856,,
1952,19539,99.9510498046875,0.002059682970866561,,
1954,19559,,,99.7652587890625,0.010412920266389847
1954,19559,99.88252258300781,0.006800446659326553,,
1956,19579,99.86294555664062,0.011167074553668499,,
1958,19599,,,99.3740234375,0.03469424322247505
1958,19599,99.80420684814453,0.011794590391218662,,
1960,19619,99.74547576904297,0.024436740204691887,,
1962,19639,,,99.68701171875,0.027268115431070328
1962,19639,99.85315704345703,0.009926289319992065,,
1964,19659,99.92168426513672,0.006691677495837212,,
1966,19679,,,99.4522705078125,0.048359427601099014
1966,19679,99.9608383178711,0.004471607971936464,,
1968,19699,99.84336853027344,0.01109061948955059,,
1970,19719,,,99.6087646484375,0.022187814116477966
1970,19719,99.84336853027344,0.01115576270967722,,
1972,19739,99.92168426513672,0.007086116820573807,,
1974,19759,,,99.68701171875,0.037826500833034515
1974,19759,99.90210723876953,0.005158290732651949,,
1976,19779,99.9412612915039,0.004227587953209877,,
1978,19799,,,99.7652587890625,0.025965915992856026
1978,19799,99.97063446044922,0.0009317544754594564,,
1980,19819,99.90210723876953,0.006299212574958801,,
1982,19839,,,99.7652587890625,0.0482320636510849
1982,19839,99.86294555664062,0.005404733121395111,,
1984,19859,99.74547576904297,0.01700402796268463,,
1986,19879,,,99.68701171875,0.010374760255217552
1986,19879,99.83358001708984,0.01210858579725027,,
1988,19899,99.88252258300781,0.006605338770896196,,
1990,19919,,,99.7652587890625,0.011387530714273453
1990,19919,99.87273406982422,0.007914002984762192,,
1992,19939,99.90210723876953,0.006665340159088373,,
1994,19959,,,99.6087646484375,0.020705221220850945
1994,19959,99.92168426513672,0.004777517635375261,,
1996,19979,99.9412612915039,0.002637309953570366,,
1998,19999,,,99.9217529296875,0.006551829632371664
1998,19999,99.9412612915039,0.006275346037000418,,
2000,20019,99.90210723876953,0.006679418031126261,,
2002,20039,,,99.7652587890625,0.01888701505959034
2002,20039,99.87273406982422,0.00583189120516181,,
2004,20059,99.75526428222656,0.022568104788661003,,
2006,20079,,,99.4522705078125,0.04023929685354233
2006,20079,99.82379150390625,0.014959963038563728,,
2008,20099,99.76505279541016,0.01632651500403881,,
2010,20119,,,99.7652587890625,0.010299863293766975
2010,20119,99.86294555664062,0.006994300987571478,,
2012,20139,99.91189575195312,0.01028137095272541,,
2014,20159,,,99.843505859375,0.004773046355694532
2014,20159,99.85315704345703,0.004548725206404924,,
2016,20179,99.91189575195312,0.0033106531482189894,,
2018,20199,,,99.4522705078125,0.058646999299526215
2018,20199,99.91189575195312,0.004207519814372063,,
2020,20219,99.88252258300781,0.005659383721649647,,
2022,20239,,,99.843505859375,0.003960739821195602
2022,20239,99.90210723876953,0.008683647029101849,,
2024,20259,99.93147277832031,0.007042539771646261,,
2026,20279,,,99.9217529296875,0.0010146808344870806
2026,20279,99.90210723876953,0.006291321944445372,,
2028,20299,99.90210723876953,0.005837198346853256,,
2030,20319,,,99.4522705078125,0.044208090752363205
2030,20319,99.91189575195312,0.005028345622122288,,
2032,20339,99.80420684814453,0.022311808541417122,,
2034,20359,,,99.68701171875,0.01949656568467617
2034,20359,99.82379150390625,0.01055427547544241,,
2036,20379,99.84336853027344,0.01441209763288498,,
2038,20399,,,99.843505859375,0.003912714309990406
2038,20399,99.85315704345703,0.007419141940772533,,
2040,20419,99.86294555664062,0.009974660351872444,,
2042,20439,,,99.68701171875,0.03458019345998764
2042,20439,99.89231872558594,0.004144624806940556,,
2044,20459,99.89231872558594,0.009524978697299957,,
2046,20479,,,99.68701171875,0.022775642573833466
2046,20479,99.92168426513672,0.004498982336372137,,
2048,20499,99.91189575195312,0.004574289079755545,,
2050,20519,,,99.843505859375,0.01044300477951765
2050,20519,99.9412612915039,0.007023460231721401,,
2052,20539,99.9510498046875,0.0029548185411840677,,
2054,20559,,,99.843505859375,0.00866794865578413
2054,20559,99.9412612915039,0.0016601060051470995,,
2056,20579,99.87273406982422,0.009373570792376995,,
2058,20599,,,99.68701171875,0.01601388491690159
2058,20599,99.88252258300781,0.00572371669113636,,
2060,20619,99.85315704345703,0.009446358308196068,,
2062,20639,,,99.843505859375,0.006227233447134495
2062,20639,99.85315704345703,0.012722951360046864,,
2064,20659,99.89231872558594,0.004577453248202801,,
2066,20679,,,99.68701171875,0.024536579847335815
2066,20679,99.91189575195312,0.006873119622468948,,
2068,20699,99.88252258300781,0.009558849968016148,,
2070,20719,,,99.7652587890625,0.00933834072202444
2070,20719,99.92168426513672,0.0058242445811629295,,
2072,20739,99.91189575195312,0.004910116549581289,,
2074,20759,,,99.843505859375,0.006843586452305317
2074,20759,99.90210723876953,0.003530427347868681,,
2076,20779,99.93147277832031,0.006986960768699646,,
2078,20799,,,99.68701171875,0.0448308102786541
2078,20799,99.9510498046875,0.0019741281867027283,,
2080,20819,99.93147277832031,0.004044783767312765,,
2082,20839,,,99.7652587890625,0.01314909104257822
2082,20839,99.89231872558594,0.003241610247641802,,
2084,20859,99.91189575195312,0.008990137837827206,,
2086,20879,,,99.6087646484375,0.06347288936376572
2086,20879,99.89231872558594,0.007870631292462349,,
2088,20899,99.87273406982422,0.009605787694454193,,
2090,20919,,,99.68701171875,0.03964117169380188
2090,20919,99.77484130859375,0.015156330540776253,,
2092,20939,99.83358001708984,0.012474115006625652,,
2094,20959,,,99.6087646484375,0.055325523018836975
2094,20959,99.86294555664062,0.008477856405079365,,
2096,20979,99.86294555664062,0.007567253895103931,,
2098,20999,,,99.68701171875,0.029637111350893974
2098,20999,99.92168426513672,0.001506650005467236,,
2100,21019,99.91189575195312,0.003342957468703389,,
2102,21039,,,99.7652587890625,0.027484001591801643
2102,21039,99.89231872558594,0.0038822777569293976,,
2104,21059,99.88252258300781,0.010661658830940723,,
2106,21079,,,99.7652587890625,0.011410556733608246
2106,21079,99.89231872558594,0.006279333028942347,,
2108,21099,99.92168426513672,0.004444610793143511,,
2110,21119,,,99.843505859375,0.005992191843688488
2110,21119,99.89231872558594,0.007348800078034401,,
2112,21139,99.91189575195312,0.0050086406990885735,,
2114,21159,,,99.217529296875,0.07012048363685608
2114,21159,99.77484130859375,0.013518893159925938,,
2116,21179,99.83358001708984,0.01057390496134758,,
2118,21199,,,99.530517578125,0.02927561104297638
2118,21199,99.88252258300781,0.008450591936707497,,
2120,21219,99.86294555664062,0.008761457167565823,,
2122,21239,,,99.4522705078125,0.07171924412250519
2122,21239,99.88252258300781,0.0044505400583148,,
2124,21259,99.88252258300781,0.009557878598570824,,
2126,21279,,,99.530517578125,0.01961614191532135
2126,21279,99.91189575195312,0.009933190420269966,,
2128,21299,99.91189575195312,0.00390737084671855,,
2130,21319,,,99.68701171875,0.028015969321131706
2130,21319,99.9608383178711,0.0010676794918254018,,
2132,21339,99.97063446044922,0.0009037107229232788,,
2134,21359,,,99.6087646484375,0.03784111142158508
2134,21359,99.97063446044922,0.0006971958209760487,,
2136,21379,99.9510498046875,0.0011467472650110722,,
2138,21399,,,99.7652587890625,0.023292474448680878
2138,21399,99.88252258300781,0.0073507996276021,,
2140,21419,99.78462982177734,0.014971674419939518,,
2142,21439,,,99.6087646484375,0.028939293697476387
2142,21439,99.79441833496094,0.008940662257373333,,
2144,21459,99.81399536132812,0.009658453986048698,,
2146,21479,,,99.6087646484375,0.04129130765795708
2146,21479,99.9510498046875,0.0030620659235864878,,
2148,21499,99.98042297363281,0.001033961190842092,,
2150,21519,,,99.68701171875,0.03656212240457535
2150,21519,100.0,9.791735647013411e-05,,
2152,21539,100.0,5.4875778005225584e-05,,
2154,21559,,,99.843505859375,0.03456701710820198
2154,21559,100.0,2.661846849605354e-07,,
2156,21579,100.0,1.6493510202053585e-06,,
2158,21599,,,99.7652587890625,0.03429452329874039
2158,21599,100.0,1.1589013837465245e-07,,
2160,21619,100.0,9.370732811930793e-08,,
2162,21639,,,99.7652587890625,0.034235015511512756
2162,21639,100.0,8.122128036802678e-08,,
2164,21659,100.0,6.992534906657966e-08,,
2166,21679,,,99.7652587890625,0.03418055921792984
2166,21679,100.0,6.025129550835118e-08,,
2168,21699,100.0,5.2852765719535455e-08,,
2170,21719,,,99.7652587890625,0.03410826995968819
2170,21719,100.0,4.574593504003133e-08,,
2172,21739,100.0,3.945594073684333e-08,,
2174,21759,,,99.7652587890625,0.03402862697839737
2174,21759,100.0,3.413451921119304e-08,,
2176,21779,100.0,2.9058147887894847e-08,,
2178,21799,,,99.7652587890625,0.03394126147031784
2178,21799,100.0,2.5160410643820796e-08,,
2180,21819,100.0,2.1426053820050583e-08,,
2182,21839,,,99.7652587890625,0.03384566679596901
2182,21839,100.0,1.825184092751897e-08,,
2184,21859,100.0,1.5497738203862355e-08,,
2186,21879,,,99.7652587890625,0.033741313964128494
2186,21879,100.0,1.3187089642485716e-08,,
2188,21899,100.0,1.1168186375698497e-08,,
2190,21919,,,99.7652587890625,0.03363105282187462
2190,21919,100.0,9.429359515422675e-09,,
2192,21939,100.0,7.97061350255035e-09,,
2194,21959,,,99.7652587890625,0.03352293744683266
2194,21959,100.0,6.7219247945615734e-09,,
2196,21979,100.0,5.753314269441034e-09,,
2198,21999,,,99.7652587890625,0.03339218348264694
2198,21999,100.0,4.761365079986035e-09,,
2200,22019,100.0,4.037825185321253e-09,,
2202,22039,,,99.7652587890625,0.03324940428137779
2202,22039,100.0,3.4543248261798e-09,,
2204,22059,100.0,2.8708242449937416e-09,,
2206,22079,,,99.7652587890625,0.03310629352927208
2206,22079,100.0,2.474044080713611e-09,,
2208,22099,100.0,2.112273911336615e-09,,
2210,22119,,,99.7652587890625,0.03294704109430313
2210,22119,100.0,1.7621734071937567e-09,,
2212,22139,100.0,1.4704227835338202e-09,,
2214,22159,,,99.7652587890625,0.03278793767094612
2214,22159,100.0,1.27203247934915e-09,,
2216,22179,100.0,1.0736420641421773e-09,,
2218,22199,,,99.7652587890625,0.03259815275669098
2218,22199,100.0,9.336017514627315e-10,,
2220,22219,100.0,7.118713951648203e-10,,
2222,22239,,,99.7652587890625,0.03241289407014847
2222,22239,100.0,6.301812405240526e-10,,
2224,22259,100.0,5.251510337700438e-10,,
2226,22279,,,99.7652587890625,0.032217614352703094
2226,22279,100.0,4.201207992604594e-10,,
2228,22299,100.0,3.617706967329326e-10,,
2230,22319,,,99.7652587890625,0.03200840950012207
2230,22319,100.0,2.6841051603554433e-10,,
2232,22339,100.0,2.4507046392230336e-10,,
2234,22359,,,99.7652587890625,0.031812578439712524
2234,22359,100.0,1.8672036139477655e-10,,
2236,22379,100.0,9.336018069738827e-11,,
2238,22399,,,99.7652587890625,0.03155180439352989
2238,22399,100.0,8.169016157966169e-11,,
2240,22419,100.0,3.50100677615206e-11,,
2242,22439,,,99.7652587890625,0.03141606226563454
2242,22439,100.0,2.3340045174347068e-11,,
2244,22459,100.0,3.50100677615206e-11,,
2246,22479,,,99.7652587890625,0.031224539503455162
2246,22479,100.0,0.0,,
2248,22499,100.0,2.3340045174347068e-11,,
2250,22519,,,99.7652587890625,0.031091934069991112
2250,22519,100.0,4.6680090348694137e-11,,
2252,22539,100.0,1.1670022587173534e-11,,
2254,22559,,,99.7652587890625,0.030978739261627197
2254,22559,100.0,0.0,,
2256,22579,100.0,3.50100677615206e-11,,
2258,22599,,,99.7652587890625,0.030724244192242622
2258,22599,100.0,3.50100677615206e-11,,
2260,22619,100.0,1.1670022587173534e-11,,
2262,22639,,,99.7652587890625,0.03039773367345333
2262,22639,100.0,1.1670022587173534e-11,,
2264,22659,100.0,3.50100677615206e-11,,
2266,22679,,,99.7652587890625,0.030279599130153656
2266,22679,100.0,1.1670022587173534e-11,,
2268,22699,100.0,1.1670022587173534e-11,,
2270,22719,,,99.7652587890625,0.030093248933553696
2270,22719,100.0,0.0,,
2272,22739,100.0,3.50100677615206e-11,,
2274,22759,,,99.7652587890625,0.029216593131422997
2274,22759,100.0,1.1670022587173534e-11,,
2276,22779,100.0,3.50100677615206e-11,,
2278,22799,,,99.7652587890625,0.02711312286555767
2278,22799,100.0,3.50100677615206e-11,,
2280,22819,100.0,3.50100677615206e-11,,
2282,22839,,,99.7652587890625,0.025918813422322273
2282,22839,100.0,2.3340045174347068e-11,,
2284,22859,100.0,5.835010946642072e-11,,
2286,22879,,,99.7652587890625,0.02342606708407402
2286,22879,100.0,2.4507043616672775e-10,,
2288,22899,100.0,1.400402710460824e-10,,
2290,22919,,,99.7652587890625,0.02572925016283989
2290,22919,100.0,8.169015464076779e-11,,
2292,22939,100.0,2.8008043106986236e-10,,
2294,22959,,,99.6087646484375,0.03190876543521881
2294,22959,100.0,1.7505027982700483e-10,,
2296,22979,100.0,4.201205772158545e-10,,
2298,22999,,,99.6087646484375,0.0322614386677742
2298,22999,100.0,1.1670021893284144e-10,,
2300,23019,100.0,1.6338029540374777e-10,,
2302,23039,,,99.6087646484375,0.036434683948755264
2302,23039,100.0,9.336016681960047e-11,,
2304,23059,100.0,3.034204276719521e-10,,
2306,23079,,,99.6087646484375,0.03668050840497017
2306,23079,100.0,1.2837023111167412e-10,,
2308,23099,100.0,8.169016157966169e-11,,
2310,23119,,,99.6087646484375,0.03768373653292656
2310,23119,100.0,2.2173038405348677e-10,,
2312,23139,100.0,4.6680090348694137e-11,,
2314,23159,,,99.6087646484375,0.03660792484879494
2314,23159,100.0,2.3340045174347068e-11,,
2316,23179,100.0,9.336017375849437e-11,,
2318,23199,,,99.6087646484375,0.04132046177983284
2318,23199,100.0,4.6680090348694137e-11,,
2320,23219,100.0,1.1670021893284144e-10,,
2322,23239,,,99.530517578125,0.01677742600440979
2322,23239,100.0,6.013712481944822e-05,,
2324,23259,99.77484130859375,0.01570393331348896,,
2326,23279,,,99.3740234375,0.0407516174018383
2326,23279,99.72589111328125,0.022386884316802025,,
2328,23299,99.73567962646484,0.015678752213716507,,
2330,23319,,,99.68701171875,0.00735121127218008
2330,23319,99.82379150390625,0.014231858775019646,,
2332,23339,99.93147277832031,0.004381776787340641,,
2334,23359,,,99.7652587890625,0.0050893002189695835
2334,23359,99.9608383178711,0.0023376885801553726,,
2336,23379,99.97063446044922,0.0013039750047028065,,
2338,23399,,,99.6087646484375,0.045038122683763504
2338,23399,99.9412612915039,0.00371385901235044,,
2340,23419,99.93147277832031,0.006516922730952501,,
2342,23439,,,100.0,0.00046965674846433103
2342,23439,99.9510498046875,0.002806334989145398,,
2344,23459,99.9510498046875,0.007186528295278549,,
2346,23479,,,99.3740234375,0.041882727295160294
2346,23479,99.85315704345703,0.007855784147977829,,
2348,23499,99.84336853027344,0.006582705769687891,,
2350,23519,,,99.68701171875,0.01859668828547001
2350,23519,99.92168426513672,0.005320840049535036,,
2352,23539,99.9412612915039,0.003912180662155151,,
2354,23559,,,99.530517578125,0.057042527943849564
2354,23559,99.81399536132812,0.01680135726928711,,
2356,23579,99.89231872558594,0.005283379927277565,,
2358,23599,,,99.843505859375,0.010127542540431023
2358,23599,99.90210723876953,0.00561167998239398,,
2360,23619,99.91189575195312,0.0020260894671082497,,
2362,23639,,,99.7652587890625,0.023477181792259216
2362,23639,99.98042297363281,0.0010143592953681946,,
2364,23659,99.9412612915039,0.006045056041330099,,
2366,23679,,,99.843505859375,0.01685459166765213
2366,23679,99.9510498046875,0.00280258571729064,,
2368,23699,99.89231872558594,0.006549047771841288,,
2370,23719,,,99.68701171875,0.015477524138987064
2370,23719,99.82379150390625,0.012616063468158245,,
2372,23739,99.88252258300781,0.011809060350060463,,
2374,23759,,,99.6087646484375,0.021694010123610497
2374,23759,99.91189575195312,0.006647736765444279,,
2376,23779,99.89231872558594,0.003155732760205865,,
2378,23799,,,99.9217529296875,0.004076157230883837
2378,23799,99.89231872558594,0.007660560309886932,,
2380,23819,99.88252258300781,0.007768415845930576,,
2382,23839,,,99.7652587890625,0.01287209615111351
2382,23839,99.93147277832031,0.0036013112403452396,,
2384,23859,99.93147277832031,0.006873798556625843,,
2386,23879,,,99.6087646484375,0.026387959718704224
2386,23879,99.93147277832031,0.003584729740396142,,
2388,23899,99.91189575195312,0.004846788477152586,,
2390,23919,,,99.6087646484375,0.022984586656093597
2390,23919,99.88252258300781,0.0047805579379200935,,
2392,23939,99.84336853027344,0.008243735879659653,,
2394,23959,,,99.4522705078125,0.03407875448465347
2394,23959,99.81399536132812,0.01383297611027956,,
2396,23979,99.88252258300781,0.009212843142449856,,
2398,23999,,,99.843505859375,0.017295435070991516
2398,23999,99.86294555664062,0.0052521624602377415,,
2400,24019,99.93147277832031,0.004768849816173315,,
2402,24039,,,99.3740234375,0.03781731054186821
2402,24039,99.87273406982422,0.009383688680827618,,
2404,24059,99.90210723876953,0.00635700486600399,,
2406,24079,,,99.68701171875,0.02337067946791649
2406,24079,99.97063446044922,0.0018220024649053812,,
2408,24099,99.9412612915039,0.003976741805672646,,
2410,24119,,,99.68701171875,0.025699317455291748
2410,24119,99.92168426513672,0.006778230424970388,,
2412,24139,99.92168426513672,0.007782426662743092,,
2414,24159,,,99.6087646484375,0.030167225748300552
2414,24159,99.77484130859375,0.01210971549153328,,
2416,24179,99.85315704345703,0.008304017595946789,,
2418,24199,,,99.9217529296875,0.004968168213963509
2418,24199,99.90210723876953,0.0070464820601046085,,
2420,24219,99.91189575195312,0.007721544709056616,,
2422,24239,,,99.843505859375,0.008734538219869137
2422,24239,99.88252258300781,0.00793798454105854,,
2424,24259,99.91189575195312,0.007621967699378729,,
2426,24279,,,99.843505859375,0.008112572133541107
2426,24279,99.92168426513672,0.005313519388437271,,
2428,24299,99.91189575195312,0.006342900916934013,,
2430,24319,,,99.68701171875,0.015905795618891716
2430,24319,99.87273406982422,0.00647331029176712,,
2432,24339,99.87273406982422,0.008311142213642597,,
2434,24359,,,100.0,0.0001492490991950035
2434,24359,99.90210723876953,0.005395038519054651,,
2436,24379,99.91189575195312,0.005435449071228504,,
2438,24399,,,99.6087646484375,0.011653188616037369
2438,24399,99.93147277832031,0.003841758705675602,,
2440,24419,99.87273406982422,0.007159508764743805,,
2442,24439,,,99.68701171875,0.03312769532203674
2442,24439,99.92168426513672,0.008244786411523819,,
2444,24459,99.92168426513672,0.004502088762819767,,
2446,24479,,,99.6087646484375,0.06998393684625626
2446,24479,99.93147277832031,0.005949648097157478,,
2448,24499,99.88252258300781,0.0046177455224096775,,
2450,24519,,,99.7652587890625,0.006537292152643204
2450,24519,99.87273406982422,0.009750671684741974,,
2452,24539,99.9412612915039,0.004233788698911667,,
2454,24559,,,99.843505859375,0.010140612721443176
2454,24559,99.92168426513672,0.0037335373926907778,,
2456,24579,99.93147277832031,0.004695764742791653,,
2458,24599,,,99.530517578125,0.032044194638729095
2458,24599,99.86294555664062,0.011390461586415768,,
2460,24619,99.91189575195312,0.0060781254433095455,,
2462,24639,,,99.6087646484375,0.025770246982574463
2462,24639,99.91189575195312,0.005240225233137608,,
2464,24659,99.88252258300781,0.005646632984280586,,
2466,24679,,,100.0,0.0006918571889400482
2466,24679,99.9608383178711,0.0005348503473214805,,
2468,24699,99.9608383178711,0.001264495076611638,,
2470,24719,,,99.9217529296875,0.008305634371936321
2470,24719,99.91189575195312,0.009859174489974976,,
2472,24739,99.91189575195312,0.005469387862831354,,
2474,24759,,,99.6087646484375,0.02433246374130249
2474,24759,99.83358001708984,0.013418866321444511,,
2476,24779,99.85315704345703,0.007371213287115097,,
2478,24799,,,100.0,0.0003971095138695091
2478,24799,99.91189575195312,0.004571699071675539,,
2480,24819,99.92168426513672,0.003996587824076414,,
2482,24839,,,99.843505859375,0.005278681870549917
2482,24839,99.9510498046875,0.0036253673024475574,,
2484,24859,99.92168426513672,0.0036994987167418003,,
2486,24879,,,99.68701171875,0.023739900439977646
2486,24879,99.92168426513672,0.003782202722504735,,
2488,24899,99.9412612915039,0.005058615934103727,,
2490,24919,,,99.843505859375,0.010734164156019688
2490,24919,99.9412612915039,0.0037415188271552324,,
2492,24939,99.93147277832031,0.004458991810679436,,
2494,24959,,,99.7652587890625,0.008981587365269661
2494,24959,99.9510498046875,0.0015991104301065207,,
2496,24979,99.84336853027344,0.00807217601686716,,
2498,24999,,,99.68701171875,0.05466508865356445
2498,24999,99.86294555664062,0.007284785620868206,,
2500,25019,99.91189575195312,0.007477573584765196,,
2502,25039,,,99.3740234375,0.03943540155887604
2502,25039,99.87273406982422,0.007471504621207714,,
2504,25059,99.91189575195312,0.0048799957148730755,,
2506,25079,,,99.843505859375,0.014772649854421616
2506,25079,99.9510498046875,0.002880033804103732,,
2508,25099,99.9510498046875,0.004118676297366619,,
2510,25119,,,99.9217529296875,0.001770292641595006
2510,25119,99.93147277832031,0.005045656580477953,,
2512,25139,99.91189575195312,0.004371940158307552,,
2514,25159,,,99.9217529296875,0.004750034771859646
2514,25159,99.9510498046875,0.0033473738003522158,,
2516,25179,99.93147277832031,0.0038133144844323397,,
2518,25199,,,99.7652587890625,0.01585944928228855
2518,25199,99.93147277832031,0.0059181638062000275,,
2520,25219,99.88252258300781,0.004426214843988419,,
2522,25239,,,99.9217529296875,0.0014588292688131332
2522,25239,99.89231872558594,0.008363560773432255,,
2524,25259,99.92168426513672,0.00424082251265645,,
2526,25279,,,99.9217529296875,0.013500034809112549
2526,25279,99.9510498046875,0.007936499081552029,,
2528,25299,99.83358001708984,0.00524037703871727,,
2530,25319,,,99.68701171875,0.012134003452956676
2530,25319,99.80420684814453,0.015114972367882729,,
2532,25339,99.92168426513672,0.0027729666326195,,
2534,25359,,,99.9217529296875,0.008807504549622536
2534,25359,99.9510498046875,0.0029062859248369932,,
2536,25379,99.9510498046875,0.0013308293418958783,,
2538,25399,,,99.9217529296875,0.0066682989709079266
2538,25399,99.9412612915039,0.002098918193951249,,
2540,25419,99.97063446044922,0.0019477782770991325,,
2542,25439,,,100.0,8.677104051457718e-05
2542,25439,99.92168426513672,0.0021793795749545097,,
2544,25459,99.92168426513672,0.004225024022161961,,
2546,25479,,,99.6087646484375,0.036989301443099976
2546,25479,99.89231872558594,0.005965625401586294,,
2548,25499,99.89231872558594,0.00844479352235794,,
2550,25519,,,99.9217529296875,0.01008491963148117
2550,25519,99.9608383178711,0.002481668023392558,,
2552,25539,99.87273406982422,0.005964599549770355,,
2554,25559,,,99.7652587890625,0.02221859246492386
2554,25559,99.93147277832031,0.004798533860594034,,
2556,25579,99.93147277832031,0.007091492880135775,,
2558,25599,,,99.843505859375,0.01921856962144375
2558,25599,99.9510498046875,0.0059702033177018166,,
2560,25619,99.93147277832031,0.0031789178028702736,,
2562,25639,,,99.6087646484375,0.011120968498289585
2562,25639,99.89231872558594,0.010116017423570156,,
2564,25659,99.90210723876953,0.008533211424946785,,
2566,25679,,,99.3740234375,0.055103715509176254
2566,25679,99.87273406982422,0.008608870208263397,,
2568,25699,99.90210723876953,0.005087940022349358,,
2570,25719,,,99.3740234375,0.03911864757537842
2570,25719,99.79441833496094,0.01250315923243761,,
2572,25739,99.83358001708984,0.012576788663864136,,
2574,25759,,,99.6087646484375,0.010627508163452148
2574,25759,99.92168426513672,0.008584393188357353,,
2576,25779,99.9510498046875,0.0015476929256692529,,
2578,25799,,,99.843505859375,0.010378824546933174
2578,25799,99.9510498046875,0.0009486742201261222,,
2580,25819,99.92168426513672,0.0040029133670032024,,
2582,25839,,,99.68701171875,0.019688069820404053
2582,25839,99.87273406982422,0.010541331022977829,,
2584,25859,99.82379150390625,0.008579012006521225,,
2586,25879,,,99.4522705078125,0.05010984465479851
2586,25879,99.93147277832031,0.003574552945792675,,
2588,25899,99.93147277832031,0.004874817561358213,,
2590,25919,,,99.843505859375,0.0158101674169302
2590,25919,99.9608383178711,0.0012907717609778047,,
2592,25939,99.97063446044922,0.0008834494510665536,,
2594,25959,,,99.7652587890625,0.019583115354180336
2594,25959,99.9608383178711,0.00176414311863482,,
2596,25979,99.9510498046875,0.0008083284483291209,,
2598,25999,,,99.843505859375,0.035431765019893646
2598,25999,99.9608383178711,0.0022568954154849052,,
2600,26019,99.88252258300781,0.005343589931726456,,
2602,26039,,,99.68701171875,0.027805158868432045
2602,26039,99.88252258300781,0.005401778034865856,,
2604,26059,99.80420684814453,0.017560940235853195,,
2606,26079,,,99.6087646484375,0.023376405239105225
2606,26079,99.87273406982422,0.012552011758089066,,
2608,26099,99.91189575195312,0.006493689492344856,,
2610,26119,,,99.843505859375,0.008627925999462605
2610,26119,99.9412612915039,0.0026417914777994156,,
2612,26139,99.9412612915039,0.0020548144821077585,,
2614,26159,,,99.530517578125,0.04186409339308739
2614,26159,99.98042297363281,0.0019361773738637567,,
2616,26179,100.0,0.00010606797877699137,,
2618,26199,,,99.530517578125,0.0718754306435585
2618,26199,99.9902114868164,0.0016210523899644613,,
2620,26219,99.90210723876953,0.005892360582947731,,
2622,26239,,,99.68701171875,0.02543257549405098
2622,26239,99.85315704345703,0.012962330132722855,,
2624,26259,99.82379150390625,0.008649532683193684,,
2626,26279,,,99.7652587890625,0.04955758526921272
2626,26279,99.89231872558594,0.004406068008393049,,
2628,26299,99.93147277832031,0.0032884241081774235,,
2630,26319,,,99.6087646484375,0.06596872210502625
2630,26319,99.9608383178711,0.0009775911457836628,,
2632,26339,99.9902114868164,0.0005497414385899901,,
2634,26359,,,99.6087646484375,0.05210363119840622
2634,26359,99.98042297363281,0.0018857824616134167,,
2636,26379,99.97063446044922,0.0028810000512748957,,
2638,26399,,,99.6087646484375,0.03625868260860443
2638,26399,99.92168426513672,0.004964934196323156,,
2640,26419,99.85315704345703,0.006791999097913504,,
2642,26439,,,99.7652587890625,0.00776098296046257
2642,26439,99.87273406982422,0.009395343251526356,,
2644,26459,99.85315704345703,0.0082156453281641,,
